target_id,prediction
target_002916ebd29c807288,"{""lead_id"": ""card_6d88400b6d4b73d662"", ""companion_id"": ""card_0e3322b15df3ab85f7"", ""tier"": ""phonology_or_text""}"
target_0093460c84db796eb0,"{""lead_id"": ""card_918a50a05b104edf48"", ""companion_id"": ""card_fd75aaf52c7e059b77"", ""tier"": ""phonology_or_text""}"
target_00ca29be49f81f97a7,"{""lead_id"": ""card_c1a06d59f25cfb76d0"", ""companion_id"": ""card_103b3983e5caebb63f"", ""tier"": ""long_grammar""}"
target_022a4b67679c1d0e24,"{""lead_id"": ""card_547db97716de10f492"", ""companion_id"": ""card_71b8b14b6a8d61b8f3"", ""tier"": ""long_grammar""}"
target_027902538a8dc02272,"{""lead_id"": ""card_cdf9f8cee03c878213"", ""companion_id"": ""card_b7fd0f028f5ac3179f"", ""tier"": ""long_grammar""}"
target_02d305e6329d9ba22c,"{""lead_id"": ""card_8115a89e3e2b8370a8"", ""companion_id"": ""card_5dbd8c7afa32dac3d7"", ""tier"": ""long_grammar""}"
target_02ee025b7e09d9551a,"{""lead_id"": ""card_e802c3b93c94f5e53f"", ""companion_id"": ""card_d6ada7ce028cf7d32f"", ""tier"": ""long_grammar""}"
target_03067812203da3f73f,"{""lead_id"": ""card_93cad3178db04bcd13"", ""companion_id"": ""card_4496a4f2fb5d46bd59"", ""tier"": ""grammar_sketch""}"
target_03661e2b210accfed8,"{""lead_id"": ""card_fe9aa241a764b7b19e"", ""companion_id"": ""card_89c634ce3489e695c4"", ""tier"": ""phonology_or_text""}"
target_03dd8a02c2017ea055,"{""lead_id"": ""card_0916cea9bc91553aa1"", ""companion_id"": ""card_7799f5599f87548857"", ""tier"": ""wordlist_or_less""}"
target_04474ae728245cfc3a,"{""lead_id"": ""card_1439aa5979984d3f94"", ""companion_id"": ""card_82970c00b0ce650e71"", ""tier"": ""long_grammar""}"
target_044e9c7dbc27a0775d,"{""lead_id"": ""card_bfbbd8df0c806d4627"", ""companion_id"": ""card_784d0a775f46c4b807"", ""tier"": ""wordlist_or_less""}"
target_045d3d928e71055266,"{""lead_id"": ""card_9b9b655984cc3b0ac3"", ""companion_id"": ""card_b52b88c96aafffcb58"", ""tier"": ""wordlist_or_less""}"
target_04e52eb548b1bf95fa,"{""lead_id"": ""card_4821dd536db3163f72"", ""companion_id"": ""card_64fe72255b13862c23"", ""tier"": ""wordlist_or_less""}"
target_04e701a6943cc022c5,"{""lead_id"": ""card_9fd2ded44772065591"", ""companion_id"": ""card_32f646b52c51ba9705"", ""tier"": ""phonology_or_text""}"
target_04eecd9469b43306f4,"{""lead_id"": ""card_6fb26a1a0a48071681"", ""companion_id"": ""card_51d9513812c23245ad"", ""tier"": ""long_grammar""}"
target_0500affc669f00d73f,"{""lead_id"": ""card_05cffdc2920c7b84a4"", ""companion_id"": ""card_26e3f012ec37491cf1"", ""tier"": ""grammar_sketch""}"
target_055532cb650225feaa,"{""lead_id"": ""card_3c40a71a9e8d56bf57"", ""companion_id"": ""card_7c77eadf7ef784d50c"", ""tier"": ""phonology_or_text""}"
target_0565193c8b59ddb77c,"{""lead_id"": ""card_6efc83e8ee46a6c5e9"", ""companion_id"": ""card_ea2c358f81fb7f181c"", ""tier"": ""long_grammar""}"
target_058ab930a7b6905e1a,"{""lead_id"": ""card_6edde47fabbcb4d190"", ""companion_id"": ""card_15d133ee2ccc791c54"", ""tier"": ""grammar_sketch""}"
target_0690fdc6be5afb938e,"{""lead_id"": ""card_adcaed1e5f196ad948"", ""companion_id"": ""card_eab9d06712a4f4314a"", ""tier"": ""grammar_sketch""}"
target_069899b9586dbfff66,"{""lead_id"": ""card_6afc6b9fe453a83563"", ""companion_id"": ""card_120e8fa8577f2753c1"", ""tier"": ""grammar_sketch""}"
target_06d9f43cbb2beb0fbb,"{""lead_id"": ""card_68694f9645c21e6c9e"", ""companion_id"": ""card_1a86db4dd2af152e6d"", ""tier"": ""grammar_sketch""}"
target_08f2384a53a6b2172c,"{""lead_id"": ""card_5e3d9e5ca48303f69b"", ""companion_id"": ""card_e5131361388b8dc466"", ""tier"": ""grammar_sketch""}"
target_0961709272d2c94d53,"{""lead_id"": ""card_89063d5510e85c2a26"", ""companion_id"": ""card_17164fbc7c5421a5bf"", ""tier"": ""grammar_sketch""}"
target_0a0fa71d60379f5c21,"{""lead_id"": ""card_ff045f65f5c256d390"", ""companion_id"": ""card_90edf3a8f94677648d"", ""tier"": ""grammar_sketch""}"
target_0a1f9a2818dc3da863,"{""lead_id"": ""card_2160212aa5a7a3276a"", ""companion_id"": ""card_98f8d085b7f029a1de"", ""tier"": ""grammar_sketch""}"
target_0a23cad98061923050,"{""lead_id"": ""card_694538184cdce3ed41"", ""companion_id"": ""card_01d28e6d9f58d03b72"", ""tier"": ""wordlist_or_less""}"
target_0a408edebd4e544c34,"{""lead_id"": ""card_3ecd10e61fe819029c"", ""companion_id"": ""card_b1ca168f8b2591c4f0"", ""tier"": ""grammar_sketch""}"
target_0b10b61929942937db,"{""lead_id"": ""card_83cc7a6918d0fba98b"", ""companion_id"": ""card_ee850d620ad5bd32ad"", ""tier"": ""phonology_or_text""}"
target_0b905635e24c8b63d6,"{""lead_id"": ""card_c75b10559dbb8294bc"", ""companion_id"": ""card_f7484e1f1aa8bded83"", ""tier"": ""phonology_or_text""}"
target_0c2eac9ac06efebd33,"{""lead_id"": ""card_b2e77defb1ebae3f9b"", ""companion_id"": ""card_d2fc99d9e89c19414f"", ""tier"": ""grammar_sketch""}"
target_0d24e11397b9dbee57,"{""lead_id"": ""card_f5ffd19248dbc9f558"", ""companion_id"": ""card_f435861f5f45ee9dd3"", ""tier"": ""long_grammar""}"
target_0d5d4c3c9dbac88e8d,"{""lead_id"": ""card_528929310701550c9e"", ""companion_id"": ""card_3e98c2f79048093d94"", ""tier"": ""grammar_sketch""}"
target_0d6a68b0705cb59dcc,"{""lead_id"": ""card_0f79553c7ae5e9f0bb"", ""companion_id"": ""card_26185b2503bc114258"", ""tier"": ""long_grammar""}"
target_0e1d8155d813d91b1b,"{""lead_id"": ""card_050b6fbe8f511ce84d"", ""companion_id"": ""card_69e95cd9f244679500"", ""tier"": ""grammar_sketch""}"
target_0e5f18455b0aac605b,"{""lead_id"": ""card_06e3a6a592bc5e01eb"", ""companion_id"": ""card_d02ad5ccb11d0cd166"", ""tier"": ""long_grammar""}"
target_0e916641323786980d,"{""lead_id"": ""card_2add5cb296cfcec4d8"", ""companion_id"": ""card_5c202f3ce78f0ea3e9"", ""tier"": ""grammar_sketch""}"
target_0ecf82887b5eefc4f5,"{""lead_id"": ""card_8533fce3e678338839"", ""companion_id"": ""card_a2f053e9180670ca15"", ""tier"": ""grammar_sketch""}"
target_0f451b0d8c34b99704,"{""lead_id"": ""card_cd17114ccb030c9e76"", ""companion_id"": ""card_78ba9a41dc06651de8"", ""tier"": ""grammar_sketch""}"
target_0f4ae50022e378ab92,"{""lead_id"": ""card_d2f8db48b3dd1a9c77"", ""companion_id"": ""card_80d79a7ca1ee876f0f"", ""tier"": ""grammar_sketch""}"
target_0f61ca4b706a723b3d,"{""lead_id"": ""card_11e4293c58477d9dc5"", ""companion_id"": ""card_483b628e8d0a3dfde7"", ""tier"": ""long_grammar""}"
target_0f9e17b606b1a58c82,"{""lead_id"": ""card_01ec4f0cb8a4929378"", ""companion_id"": ""card_fd8dee3a725593e1d9"", ""tier"": ""long_grammar""}"
target_0fccae80428c178826,"{""lead_id"": ""card_c8a04f14a2735ca173"", ""companion_id"": ""card_43f4bbb7beb7697351"", ""tier"": ""long_grammar""}"
target_100a8efd3d5eee4ef0,"{""lead_id"": ""card_50299373952e55ea74"", ""companion_id"": ""card_5e5dbb5f24ce3ad383"", ""tier"": ""phonology_or_text""}"
target_1078b5fba58ca19511,"{""lead_id"": ""card_35abe5f46e9024bc9b"", ""companion_id"": ""card_91cadbf674e97a66df"", ""tier"": ""phonology_or_text""}"
target_107c8a000c21a1854f,"{""lead_id"": ""card_03f6ef577894013b85"", ""companion_id"": ""card_a3dc27cee4cd7748ea"", ""tier"": ""grammar_sketch""}"
target_1096c67265afa84d2c,"{""lead_id"": ""card_45178658dae1c5d648"", ""companion_id"": ""card_dda92d8aca838cb705"", ""tier"": ""phonology_or_text""}"
target_10d5e4f5eb5f62a683,"{""lead_id"": ""card_4ad124058c15b3f006"", ""companion_id"": ""card_0d141f2282da7c75c2"", ""tier"": ""phonology_or_text""}"
target_1124f945660791f64a,"{""lead_id"": ""card_c6ed16254e75691c6b"", ""companion_id"": ""card_c1ac9db91eff412da9"", ""tier"": ""grammar_sketch""}"
target_1138b4ab965fbb7ebb,"{""lead_id"": ""card_503a4ef926e8048d7b"", ""companion_id"": ""card_0a607fe0312b4e9e28"", ""tier"": ""long_grammar""}"
target_11b166dbad72a97bf4,"{""lead_id"": ""card_2e9db10a3d254f1d16"", ""companion_id"": ""card_02ef89d2a613560751"", ""tier"": ""phonology_or_text""}"
target_11e55b0ee16a9b8208,"{""lead_id"": ""card_936dc4b1c2e4184f6d"", ""companion_id"": ""card_1efe5fa3d95cef9dd6"", ""tier"": ""long_grammar""}"
target_12b8d3474420109aee,"{""lead_id"": ""card_b4590f942f0f050ff3"", ""companion_id"": ""card_feed7687ded8f3d158"", ""tier"": ""grammar_sketch""}"
target_12dfded0a9171a6934,"{""lead_id"": ""card_fe7bcd04aba2450439"", ""companion_id"": ""card_681f88342e1f1da5d4"", ""tier"": ""grammar_sketch""}"
target_131b45b8db929e3fee,"{""lead_id"": ""card_79a1f8b9b9d3e638cd"", ""companion_id"": ""card_724d87b248bf60421b"", ""tier"": ""wordlist_or_less""}"
target_13967cb362b116399e,"{""lead_id"": ""card_3275ac55a3dfb27237"", ""companion_id"": ""card_e2cb19cd4f7737fda5"", ""tier"": ""wordlist_or_less""}"
target_145b06b37a0e2789be,"{""lead_id"": ""card_441da4fe04703c5cc2"", ""companion_id"": ""card_63512b80b4e604175a"", ""tier"": ""phonology_or_text""}"
target_151b0433ebb984e915,"{""lead_id"": ""card_e3d6c2fea8dad4b51a"", ""companion_id"": ""card_42953d1df17aaf98f3"", ""tier"": ""phonology_or_text""}"
target_1580123530b88b7657,"{""lead_id"": ""card_d84ec21b0fb4b8c1a5"", ""companion_id"": ""card_fff7dc8f78a1a1fe78"", ""tier"": ""phonology_or_text""}"
target_15c05c4d901de21ef4,"{""lead_id"": ""card_2f50113ac36e01975f"", ""companion_id"": ""card_1a48c14af10356aea4"", ""tier"": ""grammar_sketch""}"
target_161f8beac9a3ac5cb4,"{""lead_id"": ""card_44aab41f148a9c3a61"", ""companion_id"": ""card_59aa6ae2e3164128aa"", ""tier"": ""grammar_sketch""}"
target_168281cf3aba7da642,"{""lead_id"": ""card_71b0e9286d2a27b2dc"", ""companion_id"": ""card_83f2d0bab8d13101c0"", ""tier"": ""grammar_sketch""}"
target_169c7640f3b6a4cc03,"{""lead_id"": ""card_4ddb36cff4723f2b22"", ""companion_id"": ""card_fe2f65ee1ae80c858a"", ""tier"": ""phonology_or_text""}"
target_16b8dac7017663f005,"{""lead_id"": ""card_e1e6d9ec45a9df5d67"", ""companion_id"": ""card_0ad982b30b765a3c86"", ""tier"": ""grammar_sketch""}"
target_16f481460d20e653f0,"{""lead_id"": ""card_aafe139bb38cce0e4a"", ""companion_id"": ""card_4ff6ad431116db8a24"", ""tier"": ""phonology_or_text""}"
target_173d1d826fb422c27d,"{""lead_id"": ""card_3b4b5f28585a2043b3"", ""companion_id"": ""card_30358a6be5da07d2bb"", ""tier"": ""grammar_sketch""}"
target_17a17cbe606c2c6ff0,"{""lead_id"": ""card_698096e72e8ee9fdf5"", ""companion_id"": ""card_820af70ce1e3f81cad"", ""tier"": ""phonology_or_text""}"
target_186ec875fb48496cfe,"{""lead_id"": ""card_443cf66f61054e146c"", ""companion_id"": ""card_5d37c9e99f835764be"", ""tier"": ""long_grammar""}"
target_18a3981e413ca0ca97,"{""lead_id"": ""card_fcda885f1d4ee74a30"", ""companion_id"": ""card_065b2d92c0e37e5295"", ""tier"": ""long_grammar""}"
target_18d7955a611b30878d,"{""lead_id"": ""card_65d39522439fe882e3"", ""companion_id"": ""card_7cbc85010c78737aee"", ""tier"": ""phonology_or_text""}"
target_191b3c96fdb89a98ed,"{""lead_id"": ""card_238e6db812c98a6514"", ""companion_id"": ""card_e6667aafd197e4312a"", ""tier"": ""grammar_sketch""}"
target_19331a9051038dc479,"{""lead_id"": ""card_595d8e21164b3ab81d"", ""companion_id"": ""card_7cb7e9a2edafaec77b"", ""tier"": ""wordlist_or_less""}"
target_193e0b610ea93dfcf3,"{""lead_id"": ""card_bf3d298925ba938ef6"", ""companion_id"": ""card_5f247f8b86c2e02ac9"", ""tier"": ""phonology_or_text""}"
target_193e97e99b7a12d88a,"{""lead_id"": ""card_2a80ae66228871831f"", ""companion_id"": ""card_f2773b8963df90e4d9"", ""tier"": ""grammar_sketch""}"
target_19a7bb0f8d3192ce54,"{""lead_id"": ""card_e23ce00b375a398117"", ""companion_id"": ""card_0ad889693019724a19"", ""tier"": ""phonology_or_text""}"
target_19d6d97f6548662eda,"{""lead_id"": ""card_6ddd7eef53c769491e"", ""companion_id"": ""card_c0ee48cf29c91486e9"", ""tier"": ""grammar_sketch""}"
target_1a1093fee54d0e0a6d,"{""lead_id"": ""card_d40348932e58e6f567"", ""companion_id"": ""card_d79eed204872e6a546"", ""tier"": ""grammar_sketch""}"
target_1a711a82f01c27838d,"{""lead_id"": ""card_fd4862815aba64ab22"", ""companion_id"": ""card_b62c5075bb3cbbb1c4"", ""tier"": ""long_grammar""}"
target_1a93707046866d821a,"{""lead_id"": ""card_167d558dce744402f1"", ""companion_id"": ""card_c7a5b226d741ca14ec"", ""tier"": ""grammar_sketch""}"
target_1b13e1a7639ed364c4,"{""lead_id"": ""card_aca8c80b0b4fa7c9e0"", ""companion_id"": ""card_7cf1ab3f2a66631ced"", ""tier"": ""wordlist_or_less""}"
target_1b5639a2281ee260a8,"{""lead_id"": ""card_0ceee02016666f7334"", ""companion_id"": ""card_35220a0b9e1932d4cb"", ""tier"": ""grammar_sketch""}"
target_1b75f31a4385ce2411,"{""lead_id"": ""card_6a72606b410ea1766d"", ""companion_id"": ""card_ecca19e6178274ebc8"", ""tier"": ""phonology_or_text""}"
target_1ba27e0068e0799de5,"{""lead_id"": ""card_4f93859351625dea91"", ""companion_id"": ""card_e29ec6a909a1e67a98"", ""tier"": ""grammar_sketch""}"
target_1bef46a4cd5282df90,"{""lead_id"": ""card_9480da7920f19eca2e"", ""companion_id"": ""card_cd8e17b0df5c7d8904"", ""tier"": ""long_grammar""}"
target_1c633dc536c4ea4367,"{""lead_id"": ""card_06d34c9f08caf4fce9"", ""companion_id"": ""card_1a3402ba3daad90564"", ""tier"": ""grammar_sketch""}"
target_1c770e6ccab79cbfc4,"{""lead_id"": ""card_33d27c3e6d907df005"", ""companion_id"": ""card_17bd2bf7514efc4f55"", ""tier"": ""long_grammar""}"
target_1cf87f50fd8d623fe9,"{""lead_id"": ""card_1775541269e598cdaa"", ""companion_id"": ""card_372131d2f92126f898"", ""tier"": ""long_grammar""}"
target_1d58b5ad73f60e2a3a,"{""lead_id"": ""card_c3d7dae65d5ede8991"", ""companion_id"": ""card_ac0df22a31f01b682f"", ""tier"": ""grammar_sketch""}"
target_1d9f414110f1cf776e,"{""lead_id"": ""card_a7949dd1fc53ef68f9"", ""companion_id"": ""card_120fc081adeffb461f"", ""tier"": ""phonology_or_text""}"
target_1f36765fc4f7bbfb0a,"{""lead_id"": ""card_ae73efa8cc5f7466c3"", ""companion_id"": ""card_181cc294948d7e95ee"", ""tier"": ""long_grammar""}"
target_1f48e3eaffda554ebc,"{""lead_id"": ""card_6441d9d6d522ec3f3f"", ""companion_id"": ""card_2dc73a0cc5695e977d"", ""tier"": ""phonology_or_text""}"
target_1f73e9bb0268fb31b0,"{""lead_id"": ""card_539ac670f9ec8c819f"", ""companion_id"": ""card_be01f3104d2ab5631e"", ""tier"": ""long_grammar""}"
target_1fdc2b5e053d5958be,"{""lead_id"": ""card_5e56bf2ee8d3b9ec82"", ""companion_id"": ""card_29a4f0eb1225406d58"", ""tier"": ""phonology_or_text""}"
target_2006f12db352d98cb1,"{""lead_id"": ""card_d3f875f63b20bd9061"", ""companion_id"": ""card_f9d20ebb280b5e4e99"", ""tier"": ""grammar_sketch""}"
target_200ee7c8dc1d3cd161,"{""lead_id"": ""card_7aafdb59160d35598c"", ""companion_id"": ""card_bc96d0bf5becb2acd9"", ""tier"": ""grammar_sketch""}"
target_2048ca8e25e8d11be5,"{""lead_id"": ""card_a87b4e5bc616a3475d"", ""companion_id"": ""card_2b16ada43a518b2237"", ""tier"": ""long_grammar""}"
target_213a14dc6cbbd7db40,"{""lead_id"": ""card_2bdeb32c85f6eb8472"", ""companion_id"": ""card_7963e8ef389fb49a0a"", ""tier"": ""long_grammar""}"
target_213fe97ea0bd9808ef,"{""lead_id"": ""card_54db2a8b46b4c6cee7"", ""companion_id"": ""card_01627843e46087e10c"", ""tier"": ""wordlist_or_less""}"
target_21e6a6c18bbc8206a8,"{""lead_id"": ""card_c5cebdb55e8905843c"", ""companion_id"": ""card_bd039d6d44523235a0"", ""tier"": ""long_grammar""}"
target_2217704bb1c2474778,"{""lead_id"": ""card_34d15cf950390c7d1e"", ""companion_id"": ""card_2f7f45d910fa8cb20b"", ""tier"": ""wordlist_or_less""}"
target_224f106b823f481f3e,"{""lead_id"": ""card_641c5cef4975188a90"", ""companion_id"": ""card_84e4e5b99b02658298"", ""tier"": ""long_grammar""}"
target_2269e761abd4cf2b2b,"{""lead_id"": ""card_efff0a5ce5833edfd7"", ""companion_id"": ""card_02ad4c6a1ffd6bdaac"", ""tier"": ""long_grammar""}"
target_227178f7adc413b544,"{""lead_id"": ""card_792f2d2c2dcd0582a4"", ""companion_id"": ""card_cba0d666b1fe6ac2f4"", ""tier"": ""long_grammar""}"
target_230434458803fad307,"{""lead_id"": ""card_61d876b9c02176515b"", ""companion_id"": ""card_dd5e4fead827322fd4"", ""tier"": ""wordlist_or_less""}"
target_2310274c68a9d77e69,"{""lead_id"": ""card_b85efcc4b5b04f2ea1"", ""companion_id"": ""card_f1fc2ea96c240c6b35"", ""tier"": ""phonology_or_text""}"
target_2372a211f9b167f1bf,"{""lead_id"": ""card_cb83a5e365285c21b3"", ""companion_id"": ""card_71ae3a6e4fc3be18ac"", ""tier"": ""long_grammar""}"
target_23834adf2ef52d0982,"{""lead_id"": ""card_7a6f1b2c40a709c538"", ""companion_id"": ""card_3a2e329d35a09fa6e3"", ""tier"": ""wordlist_or_less""}"
target_23e6865ebd2a0a8065,"{""lead_id"": ""card_ee79c149328904460c"", ""companion_id"": ""card_fd63347fd92abc06cc"", ""tier"": ""phonology_or_text""}"
target_2441d2275922fbe49e,"{""lead_id"": ""card_13ae14460e7ffe17b8"", ""companion_id"": ""card_aee3f4af4c5a0994c7"", ""tier"": ""phonology_or_text""}"
target_2474c7d358e9108b7c,"{""lead_id"": ""card_40b84ae48f46af02de"", ""companion_id"": ""card_0af108d6237d61d1ac"", ""tier"": ""grammar_sketch""}"
target_25358637963f2e80ed,"{""lead_id"": ""card_bd16d52c6f816fa724"", ""companion_id"": ""card_12b829a12831bd8a0e"", ""tier"": ""grammar_sketch""}"
target_254736bcfa51c437e9,"{""lead_id"": ""card_960ea2f99acc38dc41"", ""companion_id"": ""card_a67591ecc7fbd4e56d"", ""tier"": ""phonology_or_text""}"
target_255bb3b6bb15ee1203,"{""lead_id"": ""card_be3630eaa9c96c7e6a"", ""companion_id"": ""card_863216a50cd6595e1d"", ""tier"": ""wordlist_or_less""}"
target_257febffa3bb5ecca1,"{""lead_id"": ""card_25785d820b8ccc5bff"", ""companion_id"": ""card_1d0d80b99719d113af"", ""tier"": ""long_grammar""}"
target_25a2dee7c105a473a5,"{""lead_id"": ""card_95ca6a264106d28316"", ""companion_id"": ""card_50cc3d5a9a48d3c86a"", ""tier"": ""long_grammar""}"
target_260e392d49e275d71f,"{""lead_id"": ""card_ff754ef08fd44ff13b"", ""companion_id"": ""card_ab896bb626074e01d3"", ""tier"": ""grammar_sketch""}"
target_263fa3c4c0f87409ff,"{""lead_id"": ""card_ca13d2fc1388a5cf21"", ""companion_id"": ""card_bab318afeff5bf0a18"", ""tier"": ""phonology_or_text""}"
target_266c4dcd91e75f1671,"{""lead_id"": ""card_d25a23126fd221402a"", ""companion_id"": ""card_c80872ab9d311c5ae2"", ""tier"": ""grammar_sketch""}"
target_268900fb00ab550c51,"{""lead_id"": ""card_a66b64673e36aeb913"", ""companion_id"": ""card_17d8e9df4c8e7181dc"", ""tier"": ""long_grammar""}"
target_268f675205108f09a4,"{""lead_id"": ""card_d3e01a2ec5ac4f296e"", ""companion_id"": ""card_a55fb1bcc0fc1e7469"", ""tier"": ""grammar_sketch""}"
target_26b856aba7f0b32023,"{""lead_id"": ""card_5cfa41ffbd3c067223"", ""companion_id"": ""card_2481754a0dc82c94e6"", ""tier"": ""grammar_sketch""}"
target_26e7504208e5aba87d,"{""lead_id"": ""card_a1c53fe84b36953f74"", ""companion_id"": ""card_e7baca07ab06527588"", ""tier"": ""long_grammar""}"
target_275ebc9738fa89dd15,"{""lead_id"": ""card_9c7a260012d5a9e5ef"", ""companion_id"": ""card_83859e7a80cdda60d6"", ""tier"": ""wordlist_or_less""}"
target_27668f1c4ed50cf5f1,"{""lead_id"": ""card_a6a0ad7170b44d98b3"", ""companion_id"": ""card_15c78743f840fb7f34"", ""tier"": ""wordlist_or_less""}"
target_276b935e52ff11e8c4,"{""lead_id"": ""card_dc1c7979e0ae0edeb6"", ""companion_id"": ""card_54e6fe87b3fbcfc31b"", ""tier"": ""grammar_sketch""}"
target_278b25aeebe74f405d,"{""lead_id"": ""card_01b05c16b3fd1c1f88"", ""companion_id"": ""card_1757195c50cdbf7539"", ""tier"": ""grammar_sketch""}"
target_27edd1965273c5c216,"{""lead_id"": ""card_86dfebbd36182516cd"", ""companion_id"": ""card_47809667fe3f3a7b51"", ""tier"": ""phonology_or_text""}"
target_282992ca0fa454eb12,"{""lead_id"": ""card_35f95376a672e060e6"", ""companion_id"": ""card_44050115248d2238d5"", ""tier"": ""long_grammar""}"
target_283763b79fdda12f14,"{""lead_id"": ""card_9dc17f745419f3830b"", ""companion_id"": ""card_cb4cd1506e877de9de"", ""tier"": ""long_grammar""}"
target_28557ca06d06af0c73,"{""lead_id"": ""card_f244b5ffd2f9c1bb97"", ""companion_id"": ""card_14ef32118e7162f2fb"", ""tier"": ""phonology_or_text""}"
target_28590dacbe09ac24ce,"{""lead_id"": ""card_85cd1208c794b3576b"", ""companion_id"": ""card_c341ea40b19b205154"", ""tier"": ""long_grammar""}"
target_28b78d177666c39bae,"{""lead_id"": ""card_b0ebacfd193b0f4d1e"", ""companion_id"": ""card_ca35515555b2886445"", ""tier"": ""phonology_or_text""}"
target_2911f8617bd3ca5556,"{""lead_id"": ""card_35fc637e6e08ecb555"", ""companion_id"": ""card_e3419375fe913a418e"", ""tier"": ""grammar_sketch""}"
target_2917f76965aa706db0,"{""lead_id"": ""card_2789ba5ca6613691bc"", ""companion_id"": ""card_8cd68eb368ea59fb4e"", ""tier"": ""phonology_or_text""}"
target_2931574af5b840bc79,"{""lead_id"": ""card_2a31cf4c3c5394ba10"", ""companion_id"": ""card_293ec36e8359271a5e"", ""tier"": ""long_grammar""}"
target_2940b6db1a2720e18b,"{""lead_id"": ""card_83137c1677f4308c17"", ""companion_id"": ""card_f560c4523d19ba09e6"", ""tier"": ""grammar_sketch""}"
target_298d45659748895712,"{""lead_id"": ""card_0a2b1f8b1f77c1d70e"", ""companion_id"": ""card_8a0c4117f7b71b0337"", ""tier"": ""grammar_sketch""}"
target_29a533e979c942562a,"{""lead_id"": ""card_c27069362042b5be30"", ""companion_id"": ""card_832374f0977ef8f737"", ""tier"": ""grammar_sketch""}"
target_29df3d303bc070d474,"{""lead_id"": ""card_ca9777d4af0cea8d15"", ""companion_id"": ""card_a80115ac293488d31c"", ""tier"": ""phonology_or_text""}"
target_29f32ba24bb2109908,"{""lead_id"": ""card_c8c9cba11bf817bb8e"", ""companion_id"": ""card_15cca49dfa9f057291"", ""tier"": ""phonology_or_text""}"
target_2a3e5e2bd684cc9932,"{""lead_id"": ""card_8b6493573c0d725ff9"", ""companion_id"": ""card_c9b93a92a54ddfe4a2"", ""tier"": ""grammar_sketch""}"
target_2aa501aba90ed5777b,"{""lead_id"": ""card_b491ab845987212e5f"", ""companion_id"": ""card_c4d014f54c47414dfd"", ""tier"": ""wordlist_or_less""}"
target_2ad6cba07cd57af0e4,"{""lead_id"": ""card_173d96c91dea35de2f"", ""companion_id"": ""card_3147acff9d13315b4d"", ""tier"": ""long_grammar""}"
target_2aec88160377dc7191,"{""lead_id"": ""card_bb1e2c324fb0f24818"", ""companion_id"": ""card_2f8ecb3cf57ddab1c9"", ""tier"": ""phonology_or_text""}"
target_2af60f35fe471e0891,"{""lead_id"": ""card_090d9ba5422c7e6eae"", ""companion_id"": ""card_780159dd47f9b8b1f9"", ""tier"": ""grammar_sketch""}"
target_2b30c405885f19e37f,"{""lead_id"": ""card_6baafc675ec3cf0432"", ""companion_id"": ""card_374ac6f5c1f1f35155"", ""tier"": ""grammar_sketch""}"
target_2b5bb27d624f684111,"{""lead_id"": ""card_b3f3acd47d8027d642"", ""companion_id"": ""card_a4c03e0f373697eeed"", ""tier"": ""long_grammar""}"
target_2ba76c1679a91bf0f7,"{""lead_id"": ""card_1149bd2ee75f31ee80"", ""companion_id"": ""card_e4d24b9a1698069266"", ""tier"": ""phonology_or_text""}"
target_2bd57a5d7286490a3f,"{""lead_id"": ""card_e8418a6125f7b08229"", ""companion_id"": ""card_a50d5f0e3540e111ab"", ""tier"": ""long_grammar""}"
target_2c079381c97b30f78e,"{""lead_id"": ""card_60b03cb3fd03a5169d"", ""companion_id"": ""card_1801e1cf8057a37ed6"", ""tier"": ""grammar_sketch""}"
target_2c1831891ffe2c809e,"{""lead_id"": ""card_5a0136ccd2930a0a2f"", ""companion_id"": ""card_86e2be6280fbc0775d"", ""tier"": ""phonology_or_text""}"
target_2c1c328ec8c654c73a,"{""lead_id"": ""card_18ea792dcd55c9d836"", ""companion_id"": ""card_50bc4daf209b1523ee"", ""tier"": ""phonology_or_text""}"
target_2c1dbe4666f7cbb739,"{""lead_id"": ""card_ef8526cf78ef2686d4"", ""companion_id"": ""card_f3b9923c81b33275d8"", ""tier"": ""wordlist_or_less""}"
target_2ca0000664d0841157,"{""lead_id"": ""card_6c2b50effbd7f3f375"", ""companion_id"": ""card_f1f9b4150eeb6a212e"", ""tier"": ""grammar_sketch""}"
target_2ca11947faded7262c,"{""lead_id"": ""card_5d820481bee70e28df"", ""companion_id"": ""card_f5119fc9adc7281013"", ""tier"": ""wordlist_or_less""}"
target_2ccc2d1ab315e6c1cb,"{""lead_id"": ""card_6da95b7b0ef74e1c55"", ""companion_id"": ""card_111620bba10e5c9c14"", ""tier"": ""wordlist_or_less""}"
target_2d7737d6a42beb2de0,"{""lead_id"": ""card_3cd5b14346b3a43ae6"", ""companion_id"": ""card_fb6d31f632062ad708"", ""tier"": ""grammar_sketch""}"
target_2d844f9880be9383cd,"{""lead_id"": ""card_8c12f825af42a9455e"", ""companion_id"": ""card_4acaf86e2ee46f57db"", ""tier"": ""long_grammar""}"
target_2d905dedb528a139ce,"{""lead_id"": ""card_bbc1f91dc22fb1e157"", ""companion_id"": ""card_eb3ccce88afb4c23a5"", ""tier"": ""wordlist_or_less""}"
target_2dd025fb11dd59c686,"{""lead_id"": ""card_80bc73a5254410e878"", ""companion_id"": ""card_7d855eda5384e36925"", ""tier"": ""phonology_or_text""}"
target_2e2477d82e68269f37,"{""lead_id"": ""card_6a2c2edc8258b03d42"", ""companion_id"": ""card_24c8a37aba0094d262"", ""tier"": ""wordlist_or_less""}"
target_2e38ee229724068da2,"{""lead_id"": ""card_85527c39e509dc4236"", ""companion_id"": ""card_8f5d9d9b96461eaea7"", ""tier"": ""grammar_sketch""}"
target_2e39194897967b25bb,"{""lead_id"": ""card_ffdb4182143f4fe709"", ""companion_id"": ""card_36f175b10356d61727"", ""tier"": ""long_grammar""}"
target_2e55adf231c3b49fc8,"{""lead_id"": ""card_b716e90c5332d3faca"", ""companion_id"": ""card_585923c2ce7c732edd"", ""tier"": ""grammar_sketch""}"
target_2e6d9b09598026c9dd,"{""lead_id"": ""card_a68a9fe19af75c1288"", ""companion_id"": ""card_f96fcadcd5dcc16421"", ""tier"": ""grammar_sketch""}"
target_2e8848c876d6742b9d,"{""lead_id"": ""card_9f50135e6aab53142b"", ""companion_id"": ""card_163f018e2ae1c9c41e"", ""tier"": ""long_grammar""}"
target_2e95ffda98cfcd5374,"{""lead_id"": ""card_709ff807ba24d12ee2"", ""companion_id"": ""card_50d44fa5148b3412b3"", ""tier"": ""wordlist_or_less""}"
target_2e96b84e699fd3b998,"{""lead_id"": ""card_c8e5ca86fb2c3d1efa"", ""companion_id"": ""card_f6c6e946efbc7a5b6d"", ""tier"": ""long_grammar""}"
target_2eae5fc6790da1ecf9,"{""lead_id"": ""card_9dd7a3dcf97a4c2cc7"", ""companion_id"": ""card_66fa5172cfe1ef4db6"", ""tier"": ""grammar_sketch""}"
target_2ee114169a03039045,"{""lead_id"": ""card_3c67a8775779e5580c"", ""companion_id"": ""card_9e2c9c1faef445f48e"", ""tier"": ""grammar_sketch""}"
target_2f2c481deea161bba1,"{""lead_id"": ""card_4e1760359b38b0f9cc"", ""companion_id"": ""card_1f7aaf6ce6e0a9baf5"", ""tier"": ""grammar_sketch""}"
target_2f35d058b933f1cbc9,"{""lead_id"": ""card_e787293a26df9a77f5"", ""companion_id"": ""card_5c6fc88939644ac8fa"", ""tier"": ""long_grammar""}"
target_2f643e078b927c885a,"{""lead_id"": ""card_01a3540486bd32858d"", ""companion_id"": ""card_28888d346c555273fc"", ""tier"": ""phonology_or_text""}"
target_2f725d1de9f43cea5b,"{""lead_id"": ""card_1f7baf36d752577b18"", ""companion_id"": ""card_d926c9eea480f2aaac"", ""tier"": ""phonology_or_text""}"
target_3010db52e608ab60e3,"{""lead_id"": ""card_daa678935ed9451768"", ""companion_id"": ""card_dd70f2d195f98aa968"", ""tier"": ""grammar_sketch""}"
target_30545f7c2e99cdf7ed,"{""lead_id"": ""card_a912c27888c4b7c32e"", ""companion_id"": ""card_1934903d08601b9be6"", ""tier"": ""grammar_sketch""}"
target_308f2967ab3e44f441,"{""lead_id"": ""card_028f6e70229c5537cb"", ""companion_id"": ""card_70bda23e7d4543831a"", ""tier"": ""long_grammar""}"
target_30c31af9e7bec0263d,"{""lead_id"": ""card_cc24cb5345dca74b1b"", ""companion_id"": ""card_a74ef307951e9e389d"", ""tier"": ""grammar_sketch""}"
target_31335cb324a2dd4e51,"{""lead_id"": ""card_6b858f860ba8f5aa12"", ""companion_id"": ""card_eb30f7cc7f4686e8c4"", ""tier"": ""grammar_sketch""}"
target_313512f90742c133fb,"{""lead_id"": ""card_990dc779af6d138eb4"", ""companion_id"": ""card_9106576eaafee7b6b7"", ""tier"": ""grammar_sketch""}"
target_315efb837ad51e7264,"{""lead_id"": ""card_4ee3145c6b01e7838d"", ""companion_id"": ""card_99d2526b5ca993b6c6"", ""tier"": ""grammar_sketch""}"
target_31b2f233935f285c4e,"{""lead_id"": ""card_9b6c605e5d2e1a8c74"", ""companion_id"": ""card_c04a44b1609238554c"", ""tier"": ""long_grammar""}"
target_3217485458538ba17a,"{""lead_id"": ""card_12dc68484586fc0bfa"", ""companion_id"": ""card_b48da524c1081c3915"", ""tier"": ""wordlist_or_less""}"
target_3223fbae1434478843,"{""lead_id"": ""card_bd0091fc25d399a903"", ""companion_id"": ""card_d1efb0ce235ce1b0fd"", ""tier"": ""wordlist_or_less""}"
target_32cdb9b095d51abecc,"{""lead_id"": ""card_4646817e777a2fa376"", ""companion_id"": ""card_6f435eb5e19b886caf"", ""tier"": ""grammar_sketch""}"
target_338b6251526e1f3fa1,"{""lead_id"": ""card_20e79ac040d5cdd859"", ""companion_id"": ""card_c22b1de08eba2d13d0"", ""tier"": ""grammar_sketch""}"
target_33a2591d4bd2d20d62,"{""lead_id"": ""card_90e40d8b650d1689db"", ""companion_id"": ""card_0ef4e2b50c5ee109a6"", ""tier"": ""phonology_or_text""}"
target_33babeafe9a9830c0e,"{""lead_id"": ""card_28665ecffbb9cf5913"", ""companion_id"": ""card_f2c65aa845bb760f56"", ""tier"": ""phonology_or_text""}"
target_33e8a395b9de552ebd,"{""lead_id"": ""card_34a41abd3786e00368"", ""companion_id"": ""card_6474f132195de67374"", ""tier"": ""phonology_or_text""}"
target_33ebecf46095786ad5,"{""lead_id"": ""card_d255a7f0f4f35638cf"", ""companion_id"": ""card_64cee5977c3724870e"", ""tier"": ""wordlist_or_less""}"
target_343909574d40e4d36f,"{""lead_id"": ""card_ad19feb55954340868"", ""companion_id"": ""card_7ea4b10d8914456c05"", ""tier"": ""long_grammar""}"
target_34c4b4cf9b364043c7,"{""lead_id"": ""card_e2536cf60e72108b39"", ""companion_id"": ""card_0dd14dadc4a5385248"", ""tier"": ""long_grammar""}"
target_34fa521888f68c7cab,"{""lead_id"": ""card_87f556b7e1df2e5600"", ""companion_id"": ""card_d8b1202b60b953f089"", ""tier"": ""grammar_sketch""}"
target_3518e2a684c30a2720,"{""lead_id"": ""card_cf5bf572b60e773440"", ""companion_id"": ""card_b719cc1658749fdfb2"", ""tier"": ""grammar_sketch""}"
target_3579cb375e2b5e5cb9,"{""lead_id"": ""card_3d44e27401c13d3053"", ""companion_id"": ""card_61429fdbb4a5b74f2a"", ""tier"": ""grammar_sketch""}"
target_35b748a4600a114d08,"{""lead_id"": ""card_eb4c938098f91ef9f4"", ""companion_id"": ""card_0bc340ca803bd6c0fe"", ""tier"": ""grammar_sketch""}"
target_35d37adf426c1840f2,"{""lead_id"": ""card_5d4483ebad15c82aca"", ""companion_id"": ""card_e4300a9b307778ac5c"", ""tier"": ""grammar_sketch""}"
target_35f1c1a5ff5cbe9b53,"{""lead_id"": ""card_82fb2c89727b07292f"", ""companion_id"": ""card_ca809ba1d85a4015a8"", ""tier"": ""grammar_sketch""}"
target_3635bdb5d549ec140e,"{""lead_id"": ""card_8d6172a240cb653b47"", ""companion_id"": ""card_e5cdaf3cccc670b146"", ""tier"": ""grammar_sketch""}"
target_363d55e508719be079,"{""lead_id"": ""card_768c1c9ed71784e6cc"", ""companion_id"": ""card_776bc9252b79b29410"", ""tier"": ""long_grammar""}"
target_3659928f75833a0549,"{""lead_id"": ""card_162ff1c8f05d37df2e"", ""companion_id"": ""card_97db7a08092ae1225f"", ""tier"": ""long_grammar""}"
target_3660635e1398419de3,"{""lead_id"": ""card_2c4cc44de67da34035"", ""companion_id"": ""card_07f7cb94f11306f13e"", ""tier"": ""grammar_sketch""}"
target_375cd032a93fa0fcaa,"{""lead_id"": ""card_787a40c7e902c00377"", ""companion_id"": ""card_ec2095c7c6693f6ba6"", ""tier"": ""wordlist_or_less""}"
target_37cf86749570ba6d54,"{""lead_id"": ""card_93d394a5fcf1ab0e50"", ""companion_id"": ""card_d457eefd776facf9f9"", ""tier"": ""long_grammar""}"
target_37e83473c3f45898f7,"{""lead_id"": ""card_450b0e787607b01e95"", ""companion_id"": ""card_a1f9e6daa679e584ba"", ""tier"": ""grammar_sketch""}"
target_3813fd2eb01fbc3de9,"{""lead_id"": ""card_a92cc98f84ae9efa79"", ""companion_id"": ""card_e83dd59a7c71d1bb13"", ""tier"": ""long_grammar""}"
target_3828b7fa740459c1a8,"{""lead_id"": ""card_2ff90108d7c8fc01eb"", ""companion_id"": ""card_9aacf2bd224b0d01f9"", ""tier"": ""phonology_or_text""}"
target_385a878c3b1f1f91c7,"{""lead_id"": ""card_39574c42320ff50906"", ""companion_id"": ""card_a59d6a2bae5de242d3"", ""tier"": ""long_grammar""}"
target_38b2ab2cca81c254a5,"{""lead_id"": ""card_2c36588a8a3321fc60"", ""companion_id"": ""card_5186478f37c5613044"", ""tier"": ""wordlist_or_less""}"
target_38d82250927baf12a5,"{""lead_id"": ""card_db500f6f1623add622"", ""companion_id"": ""card_a5a86490acf229759e"", ""tier"": ""grammar_sketch""}"
target_394845b87a3043e2e0,"{""lead_id"": ""card_bccff0622d6f6fddc4"", ""companion_id"": ""card_86023ce8b636530628"", ""tier"": ""grammar_sketch""}"
target_395bd253ff823cf053,"{""lead_id"": ""card_57277a53e03b10d490"", ""companion_id"": ""card_86b95dfc00995361a4"", ""tier"": ""long_grammar""}"
target_3a32ab3f76dcc621b7,"{""lead_id"": ""card_0854db8f8507c6933e"", ""companion_id"": ""card_2bf1451080bb3ca86d"", ""tier"": ""phonology_or_text""}"
target_3a56c1a6c1afaee562,"{""lead_id"": ""card_f021c469c2da8f3892"", ""companion_id"": ""card_55fcdbf745dae01b59"", ""tier"": ""phonology_or_text""}"
target_3aeebc6a5735227730,"{""lead_id"": ""card_8fba57c1bb45aa4e3f"", ""companion_id"": ""card_c4100498b9b464272f"", ""tier"": ""grammar_sketch""}"
target_3b41361c3623d6edbc,"{""lead_id"": ""card_eab39a1c3f5fff00a4"", ""companion_id"": ""card_1ef0d0c7f05642de99"", ""tier"": ""grammar_sketch""}"
target_3b751e98eca217749e,"{""lead_id"": ""card_0253c5d140a04b2b3a"", ""companion_id"": ""card_290efb3bc54b344375"", ""tier"": ""wordlist_or_less""}"
target_3b9bb744575b38e6a3,"{""lead_id"": ""card_4461e5e369e15e29b0"", ""companion_id"": ""card_a3e7f3575601e690c7"", ""tier"": ""long_grammar""}"
target_3c3a705b99f41366db,"{""lead_id"": ""card_855e6599568536d897"", ""companion_id"": ""card_241cede6b21b70d72c"", ""tier"": ""phonology_or_text""}"
target_3c5bc3e3eea877a087,"{""lead_id"": ""card_1b64ee1e4f105fb375"", ""companion_id"": ""card_89f14311426a4d0b50"", ""tier"": ""long_grammar""}"
target_3ca8d70d4067138afd,"{""lead_id"": ""card_9ce9fa59311eddfba8"", ""companion_id"": ""card_9ff20939f0fc56416c"", ""tier"": ""long_grammar""}"
target_3d316aa09a39aa94a0,"{""lead_id"": ""card_dbcc6a7c44dcebc7cd"", ""companion_id"": ""card_90d9098a7be6eceff4"", ""tier"": ""phonology_or_text""}"
target_3d3a8cee366339738e,"{""lead_id"": ""card_7a2b286c96529bc847"", ""companion_id"": ""card_ce611ab7bf10ef9123"", ""tier"": ""phonology_or_text""}"
target_3db76f16a810ad6d12,"{""lead_id"": ""card_d1de71d8e29e8286b2"", ""companion_id"": ""card_16471c22a4e0770cdc"", ""tier"": ""grammar_sketch""}"
target_3de3494f5ac7fcfe2d,"{""lead_id"": ""card_35af6d8203b7208463"", ""companion_id"": ""card_719c397544f3924066"", ""tier"": ""phonology_or_text""}"
target_3eb0801a7e55cdbe56,"{""lead_id"": ""card_4e7a16b00802303451"", ""companion_id"": ""card_0c1cb9ba0f09cb6f9e"", ""tier"": ""grammar_sketch""}"
target_3ec6a78a9bd626ee36,"{""lead_id"": ""card_0a21a6ca0159d59096"", ""companion_id"": ""card_c8b0c06ffc95788a9d"", ""tier"": ""long_grammar""}"
target_3ef95120cfe8ac7852,"{""lead_id"": ""card_2520a8c30f001c6c90"", ""companion_id"": ""card_cc416728afdf500281"", ""tier"": ""phonology_or_text""}"
target_3f94c3c5c6f44aae0b,"{""lead_id"": ""card_282d865fc307475c58"", ""companion_id"": ""card_2fd7b33475f0995acc"", ""tier"": ""wordlist_or_less""}"
target_3f9bd22e7659c700b4,"{""lead_id"": ""card_3b116abac0c79ddb0e"", ""companion_id"": ""card_fc51fc8c065186e622"", ""tier"": ""long_grammar""}"
target_3fb3cd7277bc720558,"{""lead_id"": ""card_b8d716196e5d537261"", ""companion_id"": ""card_eb0b840a0764f0cdc6"", ""tier"": ""long_grammar""}"
target_402579efea40fb377d,"{""lead_id"": ""card_381c42d557536895c5"", ""companion_id"": ""card_9a4ddf895ffb2a1ddd"", ""tier"": ""long_grammar""}"
target_406d5987f2decbf146,"{""lead_id"": ""card_13b213355fde978d0a"", ""companion_id"": ""card_879ae956fc5cdff52d"", ""tier"": ""long_grammar""}"
target_40964a504579adc4ef,"{""lead_id"": ""card_bc13c835c726be9b6f"", ""companion_id"": ""card_0b7239f8ca87908f0b"", ""tier"": ""grammar_sketch""}"
target_4135d273575da44e80,"{""lead_id"": ""card_4492c0e0fc1e404b3b"", ""companion_id"": ""card_442ad91f983985080f"", ""tier"": ""grammar_sketch""}"
target_413ad71e9c7598e7b6,"{""lead_id"": ""card_a87dd06cde2b459dd6"", ""companion_id"": ""card_39ed8df2021d27130f"", ""tier"": ""grammar_sketch""}"
target_417796dfb2c1e2b676,"{""lead_id"": ""card_0dfdc2ac84e28eed42"", ""companion_id"": ""card_6bd6dac25beaf27125"", ""tier"": ""long_grammar""}"
target_41d266fd634ec06068,"{""lead_id"": ""card_9b830d745456a06495"", ""companion_id"": ""card_018b30c491f3a6f3a7"", ""tier"": ""grammar_sketch""}"
target_42056265fc11be58e6,"{""lead_id"": ""card_983e21531e0a05a461"", ""companion_id"": ""card_e82ff3929d654f5827"", ""tier"": ""wordlist_or_less""}"
target_424ed24fb0af37cbc2,"{""lead_id"": ""card_9808430aecc712f32c"", ""companion_id"": ""card_1dd61bdc1d73b90c80"", ""tier"": ""phonology_or_text""}"
target_4291324bc1504053c5,"{""lead_id"": ""card_d0a67c4dec17292ac2"", ""companion_id"": ""card_c41da187f4d664dd23"", ""tier"": ""grammar_sketch""}"
target_42ca763145dd26fbb3,"{""lead_id"": ""card_c893cde31488902ffe"", ""companion_id"": ""card_eb0a7680a79909b43d"", ""tier"": ""long_grammar""}"
target_42d8d96c75e352732e,"{""lead_id"": ""card_5d01c414968e4e0a24"", ""companion_id"": ""card_71effce045bdd6c893"", ""tier"": ""grammar_sketch""}"
target_4321ca672a09428ec5,"{""lead_id"": ""card_373bdc7427e537939f"", ""companion_id"": ""card_388a85714806a68f53"", ""tier"": ""grammar_sketch""}"
target_4326f3a3554bfabdef,"{""lead_id"": ""card_711832d7c229434834"", ""companion_id"": ""card_84ed66693fffc63f98"", ""tier"": ""long_grammar""}"
target_4342eb000e86d55cc3,"{""lead_id"": ""card_f1a42f31c31a61e4e2"", ""companion_id"": ""card_46a6628ec2a0b3e1e0"", ""tier"": ""grammar_sketch""}"
target_442fd6325358a35593,"{""lead_id"": ""card_935b6ad20d5ea59b26"", ""companion_id"": ""card_487f3c5084eb4758a1"", ""tier"": ""grammar_sketch""}"
target_45343b43e313c0fe0b,"{""lead_id"": ""card_fcba972ff9f987d37c"", ""companion_id"": ""card_0d01b824ca35fb9e78"", ""tier"": ""grammar_sketch""}"
target_454438e9b1e562c217,"{""lead_id"": ""card_16d0d734191434ac03"", ""companion_id"": ""card_a597c061718cd68fc8"", ""tier"": ""long_grammar""}"
target_454a526068710b1f02,"{""lead_id"": ""card_f0b6e367e10cac93e4"", ""companion_id"": ""card_ef77c6f3e4c95743b5"", ""tier"": ""phonology_or_text""}"
target_4562d75c8bcc460062,"{""lead_id"": ""card_faedaa724e6c5df78f"", ""companion_id"": ""card_593691f345c5338302"", ""tier"": ""long_grammar""}"
target_457cfd615a6c73f2dc,"{""lead_id"": ""card_690ab595f9429f67e4"", ""companion_id"": ""card_8ce31559ac327b4cf0"", ""tier"": ""grammar_sketch""}"
target_45a09aef7a0d8f1102,"{""lead_id"": ""card_6658760da4db0cd4e1"", ""companion_id"": ""card_8d4e4a231699b7be5e"", ""tier"": ""grammar_sketch""}"
target_4639eb735587c4e90f,"{""lead_id"": ""card_a145f4084ca03b5b4c"", ""companion_id"": ""card_ed9ef764b869716cc3"", ""tier"": ""grammar_sketch""}"
target_46789d61bb7a950ee5,"{""lead_id"": ""card_26c0721538a64ded06"", ""companion_id"": ""card_6fc928d619ffc94c19"", ""tier"": ""long_grammar""}"
target_468735179dac6519f0,"{""lead_id"": ""card_c940b3a30e1377b497"", ""companion_id"": ""card_1ccd19e19b24e736f6"", ""tier"": ""phonology_or_text""}"
target_468b7c83d89befc432,"{""lead_id"": ""card_f96101b98f09f8e15f"", ""companion_id"": ""card_57d1fe77899ce46d76"", ""tier"": ""long_grammar""}"
target_46c8b812333ad684d2,"{""lead_id"": ""card_93bc7a339acda9cfbf"", ""companion_id"": ""card_c9616d64812471d592"", ""tier"": ""grammar_sketch""}"
target_470a9f1c94b44615ca,"{""lead_id"": ""card_a8f4a16762ff2c0673"", ""companion_id"": ""card_bc77a5f36f2325f218"", ""tier"": ""grammar_sketch""}"
target_4729172cf35436d0c8,"{""lead_id"": ""card_8e752e973946c5eeb6"", ""companion_id"": ""card_2aba8795c5a0c873bd"", ""tier"": ""long_grammar""}"
target_479d9eb632d8ba0d59,"{""lead_id"": ""card_b9b8ce854b35199748"", ""companion_id"": ""card_649e73164a1a801459"", ""tier"": ""grammar_sketch""}"
target_47bdb4ac18735e3446,"{""lead_id"": ""card_ae7a25ac63c54865fb"", ""companion_id"": ""card_99ecf76eff02cd4567"", ""tier"": ""grammar_sketch""}"
target_47d2919c3574656ec0,"{""lead_id"": ""card_3a6abeefcce7a6e106"", ""companion_id"": ""card_0fc5ba1a66bbd86124"", ""tier"": ""grammar_sketch""}"
target_4819532a6b3d04fe43,"{""lead_id"": ""card_898c0a66fff40bcb9f"", ""companion_id"": ""card_4f84b2d85a20df2c4e"", ""tier"": ""long_grammar""}"
target_48436e67a8b1138a5a,"{""lead_id"": ""card_2da1f0d7fbef3dc2f1"", ""companion_id"": ""card_8329f68552c98ae29d"", ""tier"": ""long_grammar""}"
target_48553f922019a452b1,"{""lead_id"": ""card_c600155b2f9762112f"", ""companion_id"": ""card_8afd745098a311ac05"", ""tier"": ""phonology_or_text""}"
target_48606e59f191d58f47,"{""lead_id"": ""card_2aa02b75d2a47190a1"", ""companion_id"": ""card_9101c722e875eb8009"", ""tier"": ""phonology_or_text""}"
target_48ba382a371501d9c7,"{""lead_id"": ""card_508b87a6ba1154111f"", ""companion_id"": ""card_94b4dfec4b19446172"", ""tier"": ""phonology_or_text""}"
target_491ee0b3c6e9e357e0,"{""lead_id"": ""card_0236c0dce44eabe32b"", ""companion_id"": ""card_95b709d456c5f88b4e"", ""tier"": ""grammar_sketch""}"
target_4929b187dd151fdee1,"{""lead_id"": ""card_f7d0a8f8cb050cfb9f"", ""companion_id"": ""card_40ca710bc4c0e5d24f"", ""tier"": ""grammar_sketch""}"
target_493a0aceeccc599113,"{""lead_id"": ""card_cdbf124051633f3dcb"", ""companion_id"": ""card_a52ef03a592ca47d8b"", ""tier"": ""long_grammar""}"
target_4946276edc9a6c57a4,"{""lead_id"": ""card_4e3fc79a82e4400b59"", ""companion_id"": ""card_c1f68b7c30c3e5c264"", ""tier"": ""grammar_sketch""}"
target_496d7dbf7429e9c7be,"{""lead_id"": ""card_8c4eca53ffb4abd4ed"", ""companion_id"": ""card_29ff82a78c8be417c6"", ""tier"": ""long_grammar""}"
target_49b438328fee6d7cb7,"{""lead_id"": ""card_8235174af4485d8e06"", ""companion_id"": ""card_2f9fa3c56df12d0372"", ""tier"": ""grammar_sketch""}"
target_49f5808c3a7cce73e1,"{""lead_id"": ""card_c80c59886aef4296b6"", ""companion_id"": ""card_402e2d81e2b06a8d38"", ""tier"": ""phonology_or_text""}"
target_4a54985fbabb3a97b7,"{""lead_id"": ""card_19f742f5101beb134c"", ""companion_id"": ""card_bb1836c90259e82122"", ""tier"": ""phonology_or_text""}"
target_4a698ebef823ae6757,"{""lead_id"": ""card_b95e7f289a7a98020c"", ""companion_id"": ""card_baa249792b1a0a60d5"", ""tier"": ""phonology_or_text""}"
target_4a9390478572d3b6bb,"{""lead_id"": ""card_76ef46007bb589c9df"", ""companion_id"": ""card_de1c6bc964b1cde937"", ""tier"": ""long_grammar""}"
target_4ade38b7365ecb9521,"{""lead_id"": ""card_ae606e9a4b6326f02b"", ""companion_id"": ""card_fb0cb276433fb3c8fd"", ""tier"": ""grammar_sketch""}"
target_4be6fb8cf5c6eda96d,"{""lead_id"": ""card_978894f2725dde2b2e"", ""companion_id"": ""card_58db25516a864a4436"", ""tier"": ""long_grammar""}"
target_4bfc716bfa3ac11259,"{""lead_id"": ""card_a9f2dcea050913652f"", ""companion_id"": ""card_24cb2f56bdc4ead5fe"", ""tier"": ""grammar_sketch""}"
target_4cec710b11fc9f225a,"{""lead_id"": ""card_eb3f15bf2e26bfff33"", ""companion_id"": ""card_cc3a8e5480f18e5d58"", ""tier"": ""wordlist_or_less""}"
target_4d12d8170799441ebf,"{""lead_id"": ""card_617bac554b8c8da74f"", ""companion_id"": ""card_4d1ede8fca6d62952d"", ""tier"": ""grammar_sketch""}"
target_4d3c685d9a6d47e410,"{""lead_id"": ""card_bbeb9615bb2b56717d"", ""companion_id"": ""card_f76bb28c2a652cbd8a"", ""tier"": ""grammar_sketch""}"
target_4d3d1ec54a9e6db094,"{""lead_id"": ""card_952764957bc62755b8"", ""companion_id"": ""card_1e742b0badc314c3d7"", ""tier"": ""long_grammar""}"
target_4d7e9220713801e736,"{""lead_id"": ""card_8ebd827f07fb8554aa"", ""companion_id"": ""card_93148ec908a62b66c5"", ""tier"": ""grammar_sketch""}"
target_4dca371f3a8405675c,"{""lead_id"": ""card_bc5b93c4b000d49589"", ""companion_id"": ""card_adcc653811f5dd8f3f"", ""tier"": ""grammar_sketch""}"
target_4e25d90ecfdd28c1e6,"{""lead_id"": ""card_2047de8b50b53c3ada"", ""companion_id"": ""card_dbeef2c1ce98f9d85a"", ""tier"": ""long_grammar""}"
target_4e5eff4cf15e4d3505,"{""lead_id"": ""card_b6f3951aa6d021fa20"", ""companion_id"": ""card_e90742b6ac6fc4fb98"", ""tier"": ""wordlist_or_less""}"
target_4ea2803262c8034789,"{""lead_id"": ""card_9badd81d063f0c7d2c"", ""companion_id"": ""card_f29295d392026b0c87"", ""tier"": ""phonology_or_text""}"
target_4eb2fe4cb277e7253d,"{""lead_id"": ""card_cad4a725c402ab57f3"", ""companion_id"": ""card_dee56fa91e094e99e2"", ""tier"": ""wordlist_or_less""}"
target_4eda9c7001a3ae67da,"{""lead_id"": ""card_9b1f49fc078d96272d"", ""companion_id"": ""card_5a9c6f0d48c4979aa7"", ""tier"": ""phonology_or_text""}"
target_4efa6f38b5584a1038,"{""lead_id"": ""card_fb1ce834f0e9de252e"", ""companion_id"": ""card_a74dab3a0abeffed51"", ""tier"": ""phonology_or_text""}"
target_4f7fc698fed04032b1,"{""lead_id"": ""card_8e54f2970cbe8615a4"", ""companion_id"": ""card_4a609f0e22bad68087"", ""tier"": ""grammar_sketch""}"
target_4fb687dbf2082f3593,"{""lead_id"": ""card_ced995d6a6985d07d9"", ""companion_id"": ""card_1a5d46561359e38739"", ""tier"": ""grammar_sketch""}"
target_4fb9e5aa344bc4603b,"{""lead_id"": ""card_66ae7bb9780c029d6e"", ""companion_id"": ""card_ab844b881c0e327aef"", ""tier"": ""long_grammar""}"
target_4fc91553525b8513a6,"{""lead_id"": ""card_ead14c2ba895ba11b1"", ""companion_id"": ""card_03d3edb54dca1ca425"", ""tier"": ""wordlist_or_less""}"
target_4fde67e7f88dc009dd,"{""lead_id"": ""card_5f8437658bce53c81c"", ""companion_id"": ""card_dc1bfff1ee490de1b9"", ""tier"": ""grammar_sketch""}"
target_500857edd0162b069d,"{""lead_id"": ""card_a4ab57463c1b0b29b2"", ""companion_id"": ""card_0ec509f76b90bf2c04"", ""tier"": ""long_grammar""}"
target_500af4063d602a4120,"{""lead_id"": ""card_059407dac63ef64a65"", ""companion_id"": ""card_f88b4ab800b3b0f12c"", ""tier"": ""long_grammar""}"
target_506df37dd6b27731af,"{""lead_id"": ""card_aa9fb2e11e8de4b9e5"", ""companion_id"": ""card_7eaa623ffa39a09e04"", ""tier"": ""long_grammar""}"
target_50bddd4552993c7c4a,"{""lead_id"": ""card_ade77b102be1d04d60"", ""companion_id"": ""card_bb403f840df6cb5c04"", ""tier"": ""long_grammar""}"
target_50d630aca7badae50e,"{""lead_id"": ""card_3044c94739dcb0c64c"", ""companion_id"": ""card_2a3d9bdff1f1beff3f"", ""tier"": ""grammar_sketch""}"
target_50ea796cc7004c99fe,"{""lead_id"": ""card_3404663c66ade090a1"", ""companion_id"": ""card_bb0b92d38a2c76650c"", ""tier"": ""phonology_or_text""}"
target_5109db189b159c137f,"{""lead_id"": ""card_faf223266921c07652"", ""companion_id"": ""card_c28c657466e398b231"", ""tier"": ""grammar_sketch""}"
target_518b4c50515f5dd5be,"{""lead_id"": ""card_fa6b04dcd85d7d9c1b"", ""companion_id"": ""card_093d9de451d4691e42"", ""tier"": ""wordlist_or_less""}"
target_5255b52c503e7e2f0e,"{""lead_id"": ""card_f1d03bfd0e5c62468f"", ""companion_id"": ""card_1c9f99a432825a5aff"", ""tier"": ""long_grammar""}"
target_52612a0b609d945cd5,"{""lead_id"": ""card_fde6e3b3b02d99e040"", ""companion_id"": ""card_bef89c290944469d80"", ""tier"": ""wordlist_or_less""}"
target_5271bc7c811a5252ba,"{""lead_id"": ""card_43b610ebfe1bf64895"", ""companion_id"": ""card_b59ceafb2cd0fe9ecc"", ""tier"": ""long_grammar""}"
target_52ab04cc5e766d4915,"{""lead_id"": ""card_865dfa34a7e01cfc8e"", ""companion_id"": ""card_4fbe257d034f2111f5"", ""tier"": ""long_grammar""}"
target_52ca634196c9c0f0a1,"{""lead_id"": ""card_b9a1ddff675ffc4a48"", ""companion_id"": ""card_872bef0f59baa8bd19"", ""tier"": ""wordlist_or_less""}"
target_532ce90ddbb735feec,"{""lead_id"": ""card_8e020d7ce2fa8d18a5"", ""companion_id"": ""card_b74e11f873465c522f"", ""tier"": ""grammar_sketch""}"
target_539791c208eefcd4a3,"{""lead_id"": ""card_1a33412ae6c206bf55"", ""companion_id"": ""card_1ca837423cf64dc865"", ""tier"": ""grammar_sketch""}"
target_540064e43cbe470790,"{""lead_id"": ""card_d06398e28d69b953b0"", ""companion_id"": ""card_a24d3d44db86e044c0"", ""tier"": ""long_grammar""}"
target_555c2795d871a3c37c,"{""lead_id"": ""card_8ad783cf0b4bc465b7"", ""companion_id"": ""card_29ab47f7165f75c3b7"", ""tier"": ""long_grammar""}"
target_556d4bcd60628e1663,"{""lead_id"": ""card_805c542b597bf264cc"", ""companion_id"": ""card_61fe112dd19e7782ba"", ""tier"": ""wordlist_or_less""}"
target_55b343f521168caa90,"{""lead_id"": ""card_e1d12edffad05d7715"", ""companion_id"": ""card_caf97ec99c7aed10ec"", ""tier"": ""grammar_sketch""}"
target_55d8351d3c52eedded,"{""lead_id"": ""card_a9f77b5916f3e1db4d"", ""companion_id"": ""card_856f80eed2ed927bd3"", ""tier"": ""phonology_or_text""}"
target_56041cb7ad619249c0,"{""lead_id"": ""card_5d466d2870f2e081e3"", ""companion_id"": ""card_d386a28a55c123cf6d"", ""tier"": ""phonology_or_text""}"
target_56769f1bc77354335b,"{""lead_id"": ""card_da76917ad937f3a2ff"", ""companion_id"": ""card_a2892bee689e735ed8"", ""tier"": ""long_grammar""}"
target_56aaf8b9c17f1ca051,"{""lead_id"": ""card_ea5aa49df6c74dd467"", ""companion_id"": ""card_108e65d66f38c96ebc"", ""tier"": ""phonology_or_text""}"
target_56ae11df28ffde5b11,"{""lead_id"": ""card_cd4fd2239d35910acb"", ""companion_id"": ""card_9b2f155372cc7fb0f9"", ""tier"": ""long_grammar""}"
target_56b6d698b7da125fdb,"{""lead_id"": ""card_e85c51c94dfdf6c3b1"", ""companion_id"": ""card_549c73023685cd449b"", ""tier"": ""grammar_sketch""}"
target_57077e0b8cec8b556b,"{""lead_id"": ""card_a2ba8ec52435c73e27"", ""companion_id"": ""card_fc2e0d796724bcedab"", ""tier"": ""grammar_sketch""}"
target_5745d5fcbfb1225da5,"{""lead_id"": ""card_5b4d2eb9e2e392254a"", ""companion_id"": ""card_80a7c20f4b55002534"", ""tier"": ""long_grammar""}"
target_58774fd420fc20522e,"{""lead_id"": ""card_ab2b94b4d46ae0a83f"", ""companion_id"": ""card_c929ced1b07167a523"", ""tier"": ""long_grammar""}"
target_592ca4c2b5ab3a85a4,"{""lead_id"": ""card_4b17de36c1caabf5d0"", ""companion_id"": ""card_a020baf314737201d1"", ""tier"": ""phonology_or_text""}"
target_593507b9a5504d0a29,"{""lead_id"": ""card_32f3ac66c1003debdd"", ""companion_id"": ""card_89bac22c6bfa215677"", ""tier"": ""long_grammar""}"
target_596d51d4c01b330853,"{""lead_id"": ""card_93ef8ffeb7ad3bb9ed"", ""companion_id"": ""card_ac327588a903e0b3f0"", ""tier"": ""long_grammar""}"
target_5988a024d5086a762c,"{""lead_id"": ""card_f353a9902a64f160c9"", ""companion_id"": ""card_5ab950cc37483d6b38"", ""tier"": ""grammar_sketch""}"
target_5a1e8cc8ace4c6d109,"{""lead_id"": ""card_68762ece956bffa104"", ""companion_id"": ""card_aeee6d931258c83071"", ""tier"": ""long_grammar""}"
target_5a223338389b932ccb,"{""lead_id"": ""card_95ffcc299ca5c178d5"", ""companion_id"": ""card_e813bf60df0e5e59c0"", ""tier"": ""grammar_sketch""}"
target_5a66aa871f778e9543,"{""lead_id"": ""card_2bef0e118a41307a88"", ""companion_id"": ""card_330fc1d55c325a8451"", ""tier"": ""wordlist_or_less""}"
target_5aba889ffa80987071,"{""lead_id"": ""card_f1d2268bddb4c18011"", ""companion_id"": ""card_abd3057101b81b48fc"", ""tier"": ""wordlist_or_less""}"
target_5bcec604ed2034c26f,"{""lead_id"": ""card_d38f66ce4a8bad7bbb"", ""companion_id"": ""card_2150f34a1989163aed"", ""tier"": ""grammar_sketch""}"
target_5ca74531ae0543f72c,"{""lead_id"": ""card_84e69d5731d88cf8b1"", ""companion_id"": ""card_b5d429410827d97534"", ""tier"": ""grammar_sketch""}"
target_5caace4f789f854879,"{""lead_id"": ""card_ef317671b09b07594c"", ""companion_id"": ""card_94eb2b1d3d61375043"", ""tier"": ""long_grammar""}"
target_5d05852bf0e0ba20ee,"{""lead_id"": ""card_873a0054e0016e1a17"", ""companion_id"": ""card_4cfbf751d786b0f03e"", ""tier"": ""long_grammar""}"
target_5da29ae43aea29fa68,"{""lead_id"": ""card_693f287cefeeaf8959"", ""companion_id"": ""card_f6e861bfd35f3edab4"", ""tier"": ""grammar_sketch""}"
target_5da9c6b29f426c9266,"{""lead_id"": ""card_10bc2566785f78dc72"", ""companion_id"": ""card_944796422f17996844"", ""tier"": ""grammar_sketch""}"
target_5dd7ff97d709e4ce7d,"{""lead_id"": ""card_d617316e62520328ad"", ""companion_id"": ""card_35311ed2cef468e313"", ""tier"": ""long_grammar""}"
target_5ddbb5db2e4167ede7,"{""lead_id"": ""card_d79a07c9354f36260f"", ""companion_id"": ""card_477d93641f0c586eae"", ""tier"": ""phonology_or_text""}"
target_5df1bf21ee8edfea2a,"{""lead_id"": ""card_53396672c144f1101e"", ""companion_id"": ""card_d28d8223d43d5f6ec6"", ""tier"": ""long_grammar""}"
target_5df935a7d6ec757695,"{""lead_id"": ""card_6460a2de83438e39ff"", ""companion_id"": ""card_dc479571625699ab48"", ""tier"": ""grammar_sketch""}"
target_5f420473ff50c0fe61,"{""lead_id"": ""card_e02853132552da99cc"", ""companion_id"": ""card_cf51561ebd72418b07"", ""tier"": ""grammar_sketch""}"
target_5f6e5942ab36b42323,"{""lead_id"": ""card_67d60379fce27e1209"", ""companion_id"": ""card_e67ccf9c6136ab80cc"", ""tier"": ""wordlist_or_less""}"
target_5fe8f03f44fbaf4fdc,"{""lead_id"": ""card_4e0da6a8353388f426"", ""companion_id"": ""card_7490693b71b9c00ca2"", ""tier"": ""long_grammar""}"
target_600c922e61ad65f335,"{""lead_id"": ""card_2db398dde26febed23"", ""companion_id"": ""card_0a20d91172ee7b75ff"", ""tier"": ""long_grammar""}"
target_6048014d0b6b317573,"{""lead_id"": ""card_4c04bb22b9286da384"", ""companion_id"": ""card_1236ed47e06bb72449"", ""tier"": ""grammar_sketch""}"
target_6075d9b00d1b31b8f1,"{""lead_id"": ""card_eb575f512fbe8fc0b9"", ""companion_id"": ""card_3e24208c3bea818199"", ""tier"": ""wordlist_or_less""}"
target_608886c73be97ee7b8,"{""lead_id"": ""card_8fc2eef212c00a17af"", ""companion_id"": ""card_b3ee6c9010abfa8463"", ""tier"": ""grammar_sketch""}"
target_60d184f3abd1f0fdf4,"{""lead_id"": ""card_cb863bd0b178be94a3"", ""companion_id"": ""card_f7b244da4faa6c872b"", ""tier"": ""phonology_or_text""}"
target_60e9fedbd9fe7b4ddf,"{""lead_id"": ""card_9fa3f9265ef19b1286"", ""companion_id"": ""card_ac627a6265a4ab3cf2"", ""tier"": ""long_grammar""}"
target_61438a8d9bcf78b3ee,"{""lead_id"": ""card_949eb756047b971b1b"", ""companion_id"": ""card_0bd10d6b9744b5a09e"", ""tier"": ""long_grammar""}"
target_617a750a989430cb69,"{""lead_id"": ""card_8278f8471727d4a6d5"", ""companion_id"": ""card_9d9b0c97800ba351c4"", ""tier"": ""grammar_sketch""}"
target_617b4332f279522532,"{""lead_id"": ""card_db6a4a2981d00ac449"", ""companion_id"": ""card_074576a67d6a511c77"", ""tier"": ""long_grammar""}"
target_620beff0276d0d0cc0,"{""lead_id"": ""card_606bef1a1516923fcd"", ""companion_id"": ""card_00e9b6a78880cce492"", ""tier"": ""long_grammar""}"
target_621547822d03fa29a0,"{""lead_id"": ""card_581f25989417e1e00d"", ""companion_id"": ""card_ee54708353a75ed89c"", ""tier"": ""grammar_sketch""}"
target_624dba675542138cdf,"{""lead_id"": ""card_e10a6ec15358cba915"", ""companion_id"": ""card_ab1dc55a6987e85aca"", ""tier"": ""wordlist_or_less""}"
target_6276b3ed4275b215b6,"{""lead_id"": ""card_fb43dbb5d126b2aac5"", ""companion_id"": ""card_bee52972fdc7a00a77"", ""tier"": ""long_grammar""}"
target_627adb4f6a7b059151,"{""lead_id"": ""card_ea966e422f6cb9973d"", ""companion_id"": ""card_6ac226e5dab7488154"", ""tier"": ""wordlist_or_less""}"
target_627fbe1aa30eafcfe4,"{""lead_id"": ""card_9dbbcb64e0cc3a8cbc"", ""companion_id"": ""card_9c9a394c23a648d010"", ""tier"": ""grammar_sketch""}"
target_62c47035afafec0495,"{""lead_id"": ""card_0cb54c4d5ad64d21eb"", ""companion_id"": ""card_e6795f384fe7c51f7e"", ""tier"": ""grammar_sketch""}"
target_62e2c0eee63bb4c0b8,"{""lead_id"": ""card_b137f0560e72279074"", ""companion_id"": ""card_2ed7359f4611a3b502"", ""tier"": ""long_grammar""}"
target_6308dbd2d2e861deab,"{""lead_id"": ""card_0fbfd99bc17bc26981"", ""companion_id"": ""card_590252c8ee2146a9bd"", ""tier"": ""grammar_sketch""}"
target_63422014ed0ed4feaa,"{""lead_id"": ""card_5fb41d9ccbf65f1917"", ""companion_id"": ""card_a1bd801b5afe377d99"", ""tier"": ""grammar_sketch""}"
target_637731388c90b576d3,"{""lead_id"": ""card_561704c67ab0cae181"", ""companion_id"": ""card_10e0a214e8daf377b8"", ""tier"": ""phonology_or_text""}"
target_63b4052acb213361f2,"{""lead_id"": ""card_a43e2da4eaf5ab7f38"", ""companion_id"": ""card_44473b977cf9062fa8"", ""tier"": ""phonology_or_text""}"
target_63e79dd772494313eb,"{""lead_id"": ""card_f2ed28e9d61a1801c0"", ""companion_id"": ""card_3ea8ea10c20a65b804"", ""tier"": ""long_grammar""}"
target_63f15baee4d6321808,"{""lead_id"": ""card_f947975bd2d1936701"", ""companion_id"": ""card_1fe398689e38df8fe7"", ""tier"": ""grammar_sketch""}"
target_6439777492b6da4081,"{""lead_id"": ""card_55a981d567d6ea3f62"", ""companion_id"": ""card_1437c2991693346901"", ""tier"": ""grammar_sketch""}"
target_6460e4aec607142e61,"{""lead_id"": ""card_a5155907ae3b8cd83a"", ""companion_id"": ""card_c3a4e822afada71ae3"", ""tier"": ""grammar_sketch""}"
target_64904f3049ec644e78,"{""lead_id"": ""card_fe16ca580e758bc026"", ""companion_id"": ""card_24746db46bb3ef22e7"", ""tier"": ""phonology_or_text""}"
target_6528483906367b4aa3,"{""lead_id"": ""card_d5b8cb899ce461e34c"", ""companion_id"": ""card_add1de5a97ab57f6f0"", ""tier"": ""grammar_sketch""}"
target_655993a9cd97bd172c,"{""lead_id"": ""card_17a427cbc690553190"", ""companion_id"": ""card_14e1bc414bda23bfd8"", ""tier"": ""long_grammar""}"
target_65a3371ce1bc7e522a,"{""lead_id"": ""card_deee51d5cfe50a013c"", ""companion_id"": ""card_201555e48141bb944b"", ""tier"": ""long_grammar""}"
target_65f454fe4dffcf17af,"{""lead_id"": ""card_eea902bbab59e02ff5"", ""companion_id"": ""card_949c6b4107dbac6b00"", ""tier"": ""wordlist_or_less""}"
target_661b8a815a4dcd1b6e,"{""lead_id"": ""card_0f5092d60aea76e54a"", ""companion_id"": ""card_4bf468970b2084f015"", ""tier"": ""phonology_or_text""}"
target_667c306c4ba26a9432,"{""lead_id"": ""card_a59d87ed116188e7de"", ""companion_id"": ""card_7d3dee9e5d55ad1639"", ""tier"": ""grammar_sketch""}"
target_66ba3d4940db4c1f28,"{""lead_id"": ""card_ce2fcfe5091e22d156"", ""companion_id"": ""card_5be87b589b0d5b6ba8"", ""tier"": ""grammar_sketch""}"
target_66bf3cae62faea5cb1,"{""lead_id"": ""card_84266d99d91b90f2b2"", ""companion_id"": ""card_6047d2f271a993f058"", ""tier"": ""long_grammar""}"
target_67e5bdf45a293ff3fc,"{""lead_id"": ""card_d6305770dca55e2305"", ""companion_id"": ""card_8576f897e258974dc9"", ""tier"": ""grammar_sketch""}"
target_67e9ab43f062a1a190,"{""lead_id"": ""card_f73b0bd9803a1cf5cf"", ""companion_id"": ""card_6e5047d0c99455b48e"", ""tier"": ""long_grammar""}"
target_67f4eef86ce85c3fed,"{""lead_id"": ""card_bfceeda09ac3927ac0"", ""companion_id"": ""card_6d195f56c6e9acd7f8"", ""tier"": ""phonology_or_text""}"
target_68314856dc23022c27,"{""lead_id"": ""card_24454d5440989a9596"", ""companion_id"": ""card_ad05bc4dbf042ae840"", ""tier"": ""grammar_sketch""}"
target_68b425c3a11b1cd294,"{""lead_id"": ""card_7c1bd6487f243a08e7"", ""companion_id"": ""card_0d7df968c502466c18"", ""tier"": ""long_grammar""}"
target_68b456b1c50e503b41,"{""lead_id"": ""card_8abfb585775f240632"", ""companion_id"": ""card_030d8e06e5d93f4d7c"", ""tier"": ""long_grammar""}"
target_68f9d65a8a78b7d2ca,"{""lead_id"": ""card_c5f6729eeebfcee720"", ""companion_id"": ""card_4db33bae959cfd3ddf"", ""tier"": ""wordlist_or_less""}"
target_690552c3e5603201af,"{""lead_id"": ""card_22cdd7b7975f400eb7"", ""companion_id"": ""card_710dbbb5f4786e78ba"", ""tier"": ""phonology_or_text""}"
target_6a0993057940fa34b2,"{""lead_id"": ""card_168ae14dc7dd9d78a0"", ""companion_id"": ""card_e25225c61236bce99b"", ""tier"": ""grammar_sketch""}"
target_6a6b69fa8cb3570e41,"{""lead_id"": ""card_ea042980a5d22b5c51"", ""companion_id"": ""card_3096869d25e51486ea"", ""tier"": ""long_grammar""}"
target_6a7c2003b9993bb1ea,"{""lead_id"": ""card_e66ff950b601bf276d"", ""companion_id"": ""card_40be49dc0540f704fb"", ""tier"": ""phonology_or_text""}"
target_6af0ec0e950b7d75f3,"{""lead_id"": ""card_b2f2299bc406d80c45"", ""companion_id"": ""card_cb99fd273e2f428aee"", ""tier"": ""grammar_sketch""}"
target_6af385443dbd3ab0b8,"{""lead_id"": ""card_1af0773537288a1235"", ""companion_id"": ""card_edc40c7c81a526d64e"", ""tier"": ""grammar_sketch""}"
target_6b5536e45c954b4255,"{""lead_id"": ""card_17d9d3c0917d1c6cbc"", ""companion_id"": ""card_a8e8a51cd03e836426"", ""tier"": ""phonology_or_text""}"
target_6ba61c89d8eaaf00ce,"{""lead_id"": ""card_26bbca38ca23d4fdfa"", ""companion_id"": ""card_40473f1b306dc51daa"", ""tier"": ""long_grammar""}"
target_6bb2c537661722f49f,"{""lead_id"": ""card_d17458402b7c74691a"", ""companion_id"": ""card_25bac3f623129bf61b"", ""tier"": ""long_grammar""}"
target_6c581d3918a30a54e8,"{""lead_id"": ""card_91fcf6ea45d609a3a3"", ""companion_id"": ""card_9c35a75e684f7ea8c6"", ""tier"": ""phonology_or_text""}"
target_6cb07b33f15c9edf55,"{""lead_id"": ""card_de6c288ba3311c4f2e"", ""companion_id"": ""card_bab25365115d5ee501"", ""tier"": ""grammar_sketch""}"
target_6cd3fa3dbcaea7345f,"{""lead_id"": ""card_859653105a8a8e0727"", ""companion_id"": ""card_b360ec7a30e5962d60"", ""tier"": ""grammar_sketch""}"
target_6d40d35931b9de8cb2,"{""lead_id"": ""card_4ac7777c861f86cb64"", ""companion_id"": ""card_8bae71e20fb5e584e3"", ""tier"": ""long_grammar""}"
target_6d56dc32003e164835,"{""lead_id"": ""card_c2758d2bf1d393ee97"", ""companion_id"": ""card_e50619760c877ddae4"", ""tier"": ""long_grammar""}"
target_6d8961e026a0456cca,"{""lead_id"": ""card_58a02d8e26564c30b4"", ""companion_id"": ""card_c66ee6631e7354091a"", ""tier"": ""phonology_or_text""}"
target_6d919078ffd0e216bb,"{""lead_id"": ""card_b0dd166e5a76acd9ac"", ""companion_id"": ""card_f1b3299128bc96ca51"", ""tier"": ""long_grammar""}"
target_6e6ebf9f4888b90a1d,"{""lead_id"": ""card_557f380c99f9663be8"", ""companion_id"": ""card_19a48619d1fe21bca2"", ""tier"": ""grammar_sketch""}"
target_6e7bd7bd9554d7db80,"{""lead_id"": ""card_5d1fd6b3de0533ca15"", ""companion_id"": ""card_70c88507dd740ea2c5"", ""tier"": ""phonology_or_text""}"
target_6ef1a0b021e23c47c2,"{""lead_id"": ""card_3059e49147c1400b18"", ""companion_id"": ""card_334190b69974647ea6"", ""tier"": ""phonology_or_text""}"
target_6f2d420e336e2000bc,"{""lead_id"": ""card_4cf5ceda6cbc04a8ad"", ""companion_id"": ""card_1c38b4f7361aeceea9"", ""tier"": ""wordlist_or_less""}"
target_6f925efec9ad0c4f0d,"{""lead_id"": ""card_cae3d8a88501195bd2"", ""companion_id"": ""card_02984ef63710386a97"", ""tier"": ""phonology_or_text""}"
target_70465c117b385ee47e,"{""lead_id"": ""card_051382167507bfafd0"", ""companion_id"": ""card_8042b787fce1e57859"", ""tier"": ""grammar_sketch""}"
target_70493ea7e216c2b465,"{""lead_id"": ""card_6d43534322a767adb2"", ""companion_id"": ""card_d0edead4e9202bf7a5"", ""tier"": ""phonology_or_text""}"
target_70ffb1e93900f89383,"{""lead_id"": ""card_66ca102f93018f426d"", ""companion_id"": ""card_8e1fb1566a47ea4811"", ""tier"": ""grammar_sketch""}"
target_71485706e1d3d32d68,"{""lead_id"": ""card_edaaba0cf70ecf2195"", ""companion_id"": ""card_874528208d655741ee"", ""tier"": ""phonology_or_text""}"
target_71903e146c9c360c1d,"{""lead_id"": ""card_db67830df10054c7b1"", ""companion_id"": ""card_865ff91cd5f1ee1514"", ""tier"": ""long_grammar""}"
target_719866514a352c7355,"{""lead_id"": ""card_f7c134cd98d792ea64"", ""companion_id"": ""card_a9b6dbace846edf69e"", ""tier"": ""phonology_or_text""}"
target_71c9e6cf4682b8110c,"{""lead_id"": ""card_b6ef6717440ce9d64b"", ""companion_id"": ""card_d565cfc5283f345c4b"", ""tier"": ""grammar_sketch""}"
target_71ea953f0e59a35c8c,"{""lead_id"": ""card_e8ba35f629577693fa"", ""companion_id"": ""card_3f72b9435415ea3342"", ""tier"": ""phonology_or_text""}"
target_720b1841cf40a63881,"{""lead_id"": ""card_b94e471f6a07d845fd"", ""companion_id"": ""card_d4cabf74f20d00ef11"", ""tier"": ""phonology_or_text""}"
target_72588d497a73a9fe24,"{""lead_id"": ""card_98f4696a53b9126a20"", ""companion_id"": ""card_9409f21e1a91e6c035"", ""tier"": ""phonology_or_text""}"
target_7259e2ba7d49219186,"{""lead_id"": ""card_d6866c94e2f521709e"", ""companion_id"": ""card_217d8b24abce82a967"", ""tier"": ""phonology_or_text""}"
target_7296b23e8495b62333,"{""lead_id"": ""card_44af2bf384d3c53a0b"", ""companion_id"": ""card_54a0d7c8922bf31257"", ""tier"": ""wordlist_or_less""}"
target_72b50a08dee2733912,"{""lead_id"": ""card_33e8ec2756cbaad88d"", ""companion_id"": ""card_870e59555f36c4246d"", ""tier"": ""grammar_sketch""}"
target_72d4872e361aeaf174,"{""lead_id"": ""card_e7b603eaf3b6561d0c"", ""companion_id"": ""card_f30db3c35b97abcd3e"", ""tier"": ""long_grammar""}"
target_72f0c0939200d05aa2,"{""lead_id"": ""card_bc944062e6342d4e91"", ""companion_id"": ""card_b9f7df4b9c6d8c26cf"", ""tier"": ""wordlist_or_less""}"
target_733f2ce7c4875414d9,"{""lead_id"": ""card_e826b5e78aa802e40f"", ""companion_id"": ""card_ff7e43ecb3bc89c7ad"", ""tier"": ""long_grammar""}"
target_7454060adec97a1ca2,"{""lead_id"": ""card_307ea3c16717047b42"", ""companion_id"": ""card_e58db36665bf2b45b7"", ""tier"": ""long_grammar""}"
target_74590f16acbcbecab0,"{""lead_id"": ""card_aca358944aeca9b669"", ""companion_id"": ""card_f7a6d182881294089a"", ""tier"": ""long_grammar""}"
target_74e1276489bc76ba32,"{""lead_id"": ""card_e091c8e67be29dd7c8"", ""companion_id"": ""card_abd97fcb57a9e0caef"", ""tier"": ""long_grammar""}"
target_752eef62c94707073e,"{""lead_id"": ""card_3ce546f9534a140a8a"", ""companion_id"": ""card_65fca6626760d312c1"", ""tier"": ""long_grammar""}"
target_7578f993c7ccb8ce07,"{""lead_id"": ""card_a255e66ccdf1099ab0"", ""companion_id"": ""card_4483eb9ec180a2d5fb"", ""tier"": ""grammar_sketch""}"
target_757c88e05d7e9cbf0f,"{""lead_id"": ""card_b54f403f7466e52294"", ""companion_id"": ""card_653323f54f64aecc1d"", ""tier"": ""grammar_sketch""}"
target_75c8fc497b024c91dd,"{""lead_id"": ""card_fce1722f5273a9e9f3"", ""companion_id"": ""card_8a5eb0b3d9379ac2f2"", ""tier"": ""long_grammar""}"
target_76076477984fc72ee1,"{""lead_id"": ""card_4981229e179202f9c2"", ""companion_id"": ""card_ea5a9895421d459f0b"", ""tier"": ""phonology_or_text""}"
target_7620dda40deba88cbd,"{""lead_id"": ""card_04ef64dd0313819aee"", ""companion_id"": ""card_9477ca2f5f7c70952f"", ""tier"": ""grammar_sketch""}"
target_766947c5fa21f803f0,"{""lead_id"": ""card_cbb900e0811d74d0d6"", ""companion_id"": ""card_16c8302345fa16ac9e"", ""tier"": ""grammar_sketch""}"
target_767a29842c21519d17,"{""lead_id"": ""card_0a2af3e2d11dcb08e0"", ""companion_id"": ""card_f132a2bdcb85281e44"", ""tier"": ""wordlist_or_less""}"
target_76b0fdb80f60983d6b,"{""lead_id"": ""card_45524a6cab38d46710"", ""companion_id"": ""card_b1ab570f8cb5b3ac7e"", ""tier"": ""grammar_sketch""}"
target_76dfb17e08cc2fb1ab,"{""lead_id"": ""card_2dc8993f6dc27ed006"", ""companion_id"": ""card_74be56d41da57e08b5"", ""tier"": ""phonology_or_text""}"
target_7751d398b7eebce1ab,"{""lead_id"": ""card_7bfca687cd4c218f4c"", ""companion_id"": ""card_3e466ac87a3be65339"", ""tier"": ""long_grammar""}"
target_779089a67f24f554a4,"{""lead_id"": ""card_e7a916b962e4cc626f"", ""companion_id"": ""card_7141f6a2224f851498"", ""tier"": ""long_grammar""}"
target_77f471f57d89ece35e,"{""lead_id"": ""card_00c21f015bf97123d9"", ""companion_id"": ""card_fb9fc927aee49af65c"", ""tier"": ""wordlist_or_less""}"
target_7801d8585e7c1d153c,"{""lead_id"": ""card_08520a540c1c2863ce"", ""companion_id"": ""card_9aa698e1665f430d61"", ""tier"": ""wordlist_or_less""}"
target_780567e1d5d69672de,"{""lead_id"": ""card_b940057ac099d64211"", ""companion_id"": ""card_c7927a9796db4e5ff3"", ""tier"": ""long_grammar""}"
target_784f387631f7a248a5,"{""lead_id"": ""card_6da1df2b00c2e5c537"", ""companion_id"": ""card_e3da62ceaf5f83fbc5"", ""tier"": ""long_grammar""}"
target_78531d7c1ee5583899,"{""lead_id"": ""card_0cd0a3169b96821411"", ""companion_id"": ""card_cde370fbbb23814dc3"", ""tier"": ""grammar_sketch""}"
target_78620f7fd4a47a6046,"{""lead_id"": ""card_aafe2fe07c5760e4a0"", ""companion_id"": ""card_282feba27555b78c28"", ""tier"": ""phonology_or_text""}"
target_7889616e25040457b3,"{""lead_id"": ""card_4df7e499852a47584c"", ""companion_id"": ""card_6ef2975f012a4d7869"", ""tier"": ""grammar_sketch""}"
target_78d45971078a384e15,"{""lead_id"": ""card_a39a18eb1018699004"", ""companion_id"": ""card_c47744097f83f17b3b"", ""tier"": ""long_grammar""}"
target_78fd8199cce31bdb39,"{""lead_id"": ""card_6bd184e897acc91ccc"", ""companion_id"": ""card_7f25ae73b1ca46d41c"", ""tier"": ""grammar_sketch""}"
target_793fa4a7bde841d616,"{""lead_id"": ""card_86e5e75f62bf8679f5"", ""companion_id"": ""card_923ff6a13f5bd5a1a1"", ""tier"": ""phonology_or_text""}"
target_79530fe02692404971,"{""lead_id"": ""card_60775fac341891b7db"", ""companion_id"": ""card_0068b31d75023b79bb"", ""tier"": ""phonology_or_text""}"
target_7985d0af5a70e95ec7,"{""lead_id"": ""card_22c3f9750bde0eb8d4"", ""companion_id"": ""card_c5deafd6019835f2dc"", ""tier"": ""grammar_sketch""}"
target_79ff8bc38b4f252d3c,"{""lead_id"": ""card_c5250db70419730ca1"", ""companion_id"": ""card_20c099a01d5499f8e8"", ""tier"": ""phonology_or_text""}"
target_7a028d486d8545ec8f,"{""lead_id"": ""card_5df5ba749f5f544ad0"", ""companion_id"": ""card_2d4b8a4ba382f5664a"", ""tier"": ""phonology_or_text""}"
target_7a4250cf1d3a38a11e,"{""lead_id"": ""card_a7be96a958e610a75d"", ""companion_id"": ""card_34274f03cb0fbd6f43"", ""tier"": ""grammar_sketch""}"
target_7a513b634a40209519,"{""lead_id"": ""card_9dfb5ea437744a6fc6"", ""companion_id"": ""card_9b44f23a2254d9c588"", ""tier"": ""phonology_or_text""}"
target_7a813401a9c5800b5c,"{""lead_id"": ""card_fb6978dad583eb013f"", ""companion_id"": ""card_3c2a8bb863e554af05"", ""tier"": ""grammar_sketch""}"
target_7a8cc747abc537220b,"{""lead_id"": ""card_67610d4131a32db040"", ""companion_id"": ""card_62cbca05579be5cd82"", ""tier"": ""long_grammar""}"
target_7aa50cca76d33ff9c4,"{""lead_id"": ""card_d6f6cc8c63db4b8a0f"", ""companion_id"": ""card_035a3f558a407067f3"", ""tier"": ""grammar_sketch""}"
target_7af5050025b331956b,"{""lead_id"": ""card_5f45dc82a63fb189d4"", ""companion_id"": ""card_9df8848f401cb43321"", ""tier"": ""phonology_or_text""}"
target_7b8258f54d12ddb4ad,"{""lead_id"": ""card_0f2871b36cf9089c0c"", ""companion_id"": ""card_bde501d9bfd0c0d815"", ""tier"": ""grammar_sketch""}"
target_7bac54e81f124d4230,"{""lead_id"": ""card_748b8ee8b17c00a8cf"", ""companion_id"": ""card_36ae972c57984df4a5"", ""tier"": ""grammar_sketch""}"
target_7c455ab85e2d4466d1,"{""lead_id"": ""card_09bad39d03fe7247a3"", ""companion_id"": ""card_35287c679e9aa9f1fe"", ""tier"": ""wordlist_or_less""}"
target_7c4e22ba664f9d9c6e,"{""lead_id"": ""card_45118655af0afca6ff"", ""companion_id"": ""card_51bbcb07a596ea3aab"", ""tier"": ""long_grammar""}"
target_7c5ee72650de062751,"{""lead_id"": ""card_7ea462d7da26c1d9ca"", ""companion_id"": ""card_d17f1576ef46ab2cca"", ""tier"": ""phonology_or_text""}"
target_7c83b16c8fc105f13a,"{""lead_id"": ""card_fae90da5b899fc4242"", ""companion_id"": ""card_9703d12003f4cb8e80"", ""tier"": ""grammar_sketch""}"
target_7cac13c0efdea5a2ab,"{""lead_id"": ""card_2ffe6f46227d72ad69"", ""companion_id"": ""card_51c938db39c52ec2ca"", ""tier"": ""grammar_sketch""}"
target_7d55f2d829e011b11a,"{""lead_id"": ""card_f970328bf600d00e83"", ""companion_id"": ""card_25e54d121ce87bb1d5"", ""tier"": ""wordlist_or_less""}"
target_7d750e5ebbb4a38163,"{""lead_id"": ""card_28ed01c903ec623f2e"", ""companion_id"": ""card_ff83efc5991952b330"", ""tier"": ""long_grammar""}"
target_7dacd0f521239832e9,"{""lead_id"": ""card_8a165bcbf6627a1d3a"", ""companion_id"": ""card_518123a5d7f123311d"", ""tier"": ""long_grammar""}"
target_7de1d043c455b98974,"{""lead_id"": ""card_bc849c12ab4b60cb66"", ""companion_id"": ""card_236b27f128671c0633"", ""tier"": ""wordlist_or_less""}"
target_7e64c72324bb40f3e8,"{""lead_id"": ""card_062f908ff0576519d9"", ""companion_id"": ""card_536327600d9ec59ade"", ""tier"": ""long_grammar""}"
target_7eea2cc4c022fe62d1,"{""lead_id"": ""card_f238115bef90125e55"", ""companion_id"": ""card_5bb1bca39bae1ca331"", ""tier"": ""phonology_or_text""}"
target_7efac57b2edfefb61c,"{""lead_id"": ""card_567bc2271120fe702b"", ""companion_id"": ""card_391dc271254304d59c"", ""tier"": ""grammar_sketch""}"
target_7f04fdd5b28065ee49,"{""lead_id"": ""card_189e241f8ea1ffdb4b"", ""companion_id"": ""card_08d47d923e9965f8a3"", ""tier"": ""phonology_or_text""}"
target_7fa3ff7e48a78cdc98,"{""lead_id"": ""card_3642631b14604d5bc5"", ""companion_id"": ""card_4a89d8bb16b09a34dc"", ""tier"": ""grammar_sketch""}"
target_7fa4985e04e3ea37f2,"{""lead_id"": ""card_e9b1e22700dfc6778d"", ""companion_id"": ""card_68f7a585408d057f46"", ""tier"": ""long_grammar""}"
target_7fc9b70dfff1a4225b,"{""lead_id"": ""card_db542528bb3bc72765"", ""companion_id"": ""card_7d9164a565e4dc5ac3"", ""tier"": ""wordlist_or_less""}"
target_804ed816e50f80af09,"{""lead_id"": ""card_c414d9af99326f2199"", ""companion_id"": ""card_49a630d0be6822a1bd"", ""tier"": ""grammar_sketch""}"
target_80c786a985a433e2dd,"{""lead_id"": ""card_6dd9b1861a400a4782"", ""companion_id"": ""card_4dd6e904a9d7005f9c"", ""tier"": ""grammar_sketch""}"
target_812566e34d3f8d65dc,"{""lead_id"": ""card_3d31d828c348ed19b7"", ""companion_id"": ""card_d1019f5146f3bef33f"", ""tier"": ""grammar_sketch""}"
target_813001fa6aa6009d3d,"{""lead_id"": ""card_d8706560261e1b7ff6"", ""companion_id"": ""card_74d215b689c4393b8d"", ""tier"": ""long_grammar""}"
target_815e8e23ecc56b1e4f,"{""lead_id"": ""card_be44d16e763d7df27e"", ""companion_id"": ""card_21a14fca6f3bd0c0b3"", ""tier"": ""wordlist_or_less""}"
target_816a8dba2613377904,"{""lead_id"": ""card_b54cbf1219adb240e5"", ""companion_id"": ""card_123348a7882fe8912b"", ""tier"": ""grammar_sketch""}"
target_81a6d76f277c1b9edd,"{""lead_id"": ""card_9271c71bb130a44918"", ""companion_id"": ""card_67cbe6ea5ed08930d1"", ""tier"": ""long_grammar""}"
target_8238402e57f790466e,"{""lead_id"": ""card_b55ee92413b4700d1f"", ""companion_id"": ""card_70589a207287998e20"", ""tier"": ""phonology_or_text""}"
target_826051bfba8e584c78,"{""lead_id"": ""card_825e1eaf0db7577ef2"", ""companion_id"": ""card_11b55c98acc777c591"", ""tier"": ""grammar_sketch""}"
target_82745c2958ceec2bfd,"{""lead_id"": ""card_57d2c44a15d19f208f"", ""companion_id"": ""card_46327c7b13bafdc820"", ""tier"": ""wordlist_or_less""}"
target_8284c8a72454f3b297,"{""lead_id"": ""card_3858f316ea684c1603"", ""companion_id"": ""card_113e98f2f764d1d284"", ""tier"": ""wordlist_or_less""}"
target_829aa6eec83c80f1d9,"{""lead_id"": ""card_0c9ef4be8d322081e7"", ""companion_id"": ""card_23220b86b83c5d11a9"", ""tier"": ""wordlist_or_less""}"
target_82ec3a22f2cf2b1ad1,"{""lead_id"": ""card_08190e1886ec53299d"", ""companion_id"": ""card_2dc04b1dd7277502f2"", ""tier"": ""phonology_or_text""}"
target_82ed305e781d81edc4,"{""lead_id"": ""card_9f92258b189c71da7a"", ""companion_id"": ""card_4218d7a09bb012e563"", ""tier"": ""grammar_sketch""}"
target_82fd979b1cb42169c0,"{""lead_id"": ""card_c6c3ddb018033e9340"", ""companion_id"": ""card_47904e1db378f0c32a"", ""tier"": ""wordlist_or_less""}"
target_836bf4a04d923af93c,"{""lead_id"": ""card_61974f05c2bb5474f8"", ""companion_id"": ""card_7e759f2e96ac4c18da"", ""tier"": ""grammar_sketch""}"
target_839f1bdf530a997a02,"{""lead_id"": ""card_81cf9b537f6b95fd83"", ""companion_id"": ""card_882219160e7c433ccf"", ""tier"": ""grammar_sketch""}"
target_83f5bb4bd9c5c40fd6,"{""lead_id"": ""card_c1fc32588be2258257"", ""companion_id"": ""card_c93858511d325a2edb"", ""tier"": ""long_grammar""}"
target_847adc7558488844f9,"{""lead_id"": ""card_fbe8c52fd569999b04"", ""companion_id"": ""card_a7110cff597fc41aaa"", ""tier"": ""grammar_sketch""}"
target_8538c2f8ad7c67f3e1,"{""lead_id"": ""card_9c5597434107dfedf1"", ""companion_id"": ""card_21f7e8bbe077377eff"", ""tier"": ""phonology_or_text""}"
target_8571e8c7e84ade64b8,"{""lead_id"": ""card_8981af5f4ef099f819"", ""companion_id"": ""card_f66a6203e849d3f595"", ""tier"": ""grammar_sketch""}"
target_8620f01229ae8b9a37,"{""lead_id"": ""card_4136f32272fff4ab28"", ""companion_id"": ""card_58a3fa8dcb7afffc35"", ""tier"": ""grammar_sketch""}"
target_86507d98d0d5689fc8,"{""lead_id"": ""card_ffc947ba84c9d44873"", ""companion_id"": ""card_540f10113e8de40099"", ""tier"": ""grammar_sketch""}"
target_869a56c4483bf362d1,"{""lead_id"": ""card_8b66ebc45f381191b7"", ""companion_id"": ""card_bdaef79c2de719700b"", ""tier"": ""long_grammar""}"
target_869f2c9d2e97cb61bb,"{""lead_id"": ""card_dd33aecdc4f2065062"", ""companion_id"": ""card_3ed26d5e31bcd7afe1"", ""tier"": ""long_grammar""}"
target_86f4b36cee0e744e31,"{""lead_id"": ""card_b733be38eda22d7add"", ""companion_id"": ""card_45b731e78deb2c854f"", ""tier"": ""wordlist_or_less""}"
target_86fc45cee5a547fc4e,"{""lead_id"": ""card_050a2c900e54e46079"", ""companion_id"": ""card_6ab03b8c487e16a045"", ""tier"": ""grammar_sketch""}"
target_8704b03774c4ec3bd3,"{""lead_id"": ""card_891dd88a3f9eb4a51b"", ""companion_id"": ""card_93ee0f1100c8b5e46a"", ""tier"": ""wordlist_or_less""}"
target_8741b502b4e07541b8,"{""lead_id"": ""card_e79a373aa005daa425"", ""companion_id"": ""card_879f6fa04d25af7a68"", ""tier"": ""wordlist_or_less""}"
target_877250c9fceb213d1a,"{""lead_id"": ""card_dcfc5db18bdbe7aad9"", ""companion_id"": ""card_af6182c5cabed90964"", ""tier"": ""phonology_or_text""}"
target_879d4ae2e0f521dc01,"{""lead_id"": ""card_356fe65da66e761395"", ""companion_id"": ""card_5cc8f502052b389d4d"", ""tier"": ""grammar_sketch""}"
target_88215655ef827ff2c4,"{""lead_id"": ""card_b63814c00fc5d3d0cf"", ""companion_id"": ""card_858dee7ace3c3327e9"", ""tier"": ""grammar_sketch""}"
target_8867fc4242e0d21ca0,"{""lead_id"": ""card_dac8d76e9efb70ce35"", ""companion_id"": ""card_299b336c822d4adfc4"", ""tier"": ""grammar_sketch""}"
target_8881c29f49e7edb05b,"{""lead_id"": ""card_263f07399a22bc118f"", ""companion_id"": ""card_05cae3f55176e08e15"", ""tier"": ""wordlist_or_less""}"
target_88afdbb2e7884e929a,"{""lead_id"": ""card_e249f3a982e30c3ed0"", ""companion_id"": ""card_eb3052b0fab4612147"", ""tier"": ""phonology_or_text""}"
target_88c6666da22cc70fbd,"{""lead_id"": ""card_e67dd92e6dff54ed21"", ""companion_id"": ""card_8b5fde399bae4ba560"", ""tier"": ""phonology_or_text""}"
target_88eaa7ff7f4bd12239,"{""lead_id"": ""card_44d1093b732703c4c7"", ""companion_id"": ""card_50c39c8fa8906a2c04"", ""tier"": ""grammar_sketch""}"
target_88fd04ffff02b9bbd8,"{""lead_id"": ""card_bf074cee6a64a9bd21"", ""companion_id"": ""card_785589703b57a184bf"", ""tier"": ""phonology_or_text""}"
target_89767531d4660e5e04,"{""lead_id"": ""card_e46a8c854bd82cb6f0"", ""companion_id"": ""card_008ff803c1825d141d"", ""tier"": ""phonology_or_text""}"
target_898d3585b2f41dd143,"{""lead_id"": ""card_0891f44f3141642726"", ""companion_id"": ""card_4b2c8b4dcea7a62ceb"", ""tier"": ""phonology_or_text""}"
target_899622de62d9f0d6e1,"{""lead_id"": ""card_d4c544fc65cf86005f"", ""companion_id"": ""card_173fa9057eec49d237"", ""tier"": ""grammar_sketch""}"
target_89b7c6b705b5dadd8f,"{""lead_id"": ""card_31d1f29b99f83f9d76"", ""companion_id"": ""card_55504bc68ee63f73c5"", ""tier"": ""long_grammar""}"
target_8a05f853eb751356bc,"{""lead_id"": ""card_fec435d5a097017469"", ""companion_id"": ""card_c7e3a094db451ad2c0"", ""tier"": ""long_grammar""}"
target_8a611b4a1a626f1122,"{""lead_id"": ""card_1578492bcfa9fd59a9"", ""companion_id"": ""card_08cb4f49157e7068ed"", ""tier"": ""grammar_sketch""}"
target_8b4a426d64dbed3378,"{""lead_id"": ""card_6a77647156843e467d"", ""companion_id"": ""card_b550784fc9d42221b6"", ""tier"": ""grammar_sketch""}"
target_8bbe29ad8a386fa404,"{""lead_id"": ""card_20d959e525572e829a"", ""companion_id"": ""card_daab3aa88fffabc029"", ""tier"": ""grammar_sketch""}"
target_8bc3fb66473b79cd89,"{""lead_id"": ""card_ac6e43661bf86a9b28"", ""companion_id"": ""card_0c8e6a1b215966d4db"", ""tier"": ""grammar_sketch""}"
target_8c090a4935711f2eb9,"{""lead_id"": ""card_e7f888bb5feb0bdb90"", ""companion_id"": ""card_a8686381d5927b28e5"", ""tier"": ""phonology_or_text""}"
target_8c4b98961826b4953d,"{""lead_id"": ""card_e1ba3d0e0f41448583"", ""companion_id"": ""card_41bc5da4336df4fd9c"", ""tier"": ""grammar_sketch""}"
target_8c6f80fa0eeb603fa7,"{""lead_id"": ""card_95f7a214ab78517365"", ""companion_id"": ""card_df5d761f7541420d71"", ""tier"": ""grammar_sketch""}"
target_8d8bef5374c14abd39,"{""lead_id"": ""card_dbd5a71e7d84f59f4c"", ""companion_id"": ""card_58300f22be0c18d450"", ""tier"": ""grammar_sketch""}"
target_8dd23e7eb7dd09982c,"{""lead_id"": ""card_02a4e7737a811926d7"", ""companion_id"": ""card_97104b699db12bbec1"", ""tier"": ""grammar_sketch""}"
target_8ddc79e30e0ed37309,"{""lead_id"": ""card_ddd18333956d0c0093"", ""companion_id"": ""card_2cd74f8549c9e45c76"", ""tier"": ""grammar_sketch""}"
target_8e0c18ebe01008d56e,"{""lead_id"": ""card_87af3054f8e6078e43"", ""companion_id"": ""card_ca0de1a61d4f9100e6"", ""tier"": ""grammar_sketch""}"
target_8e37421818b444e8a7,"{""lead_id"": ""card_4e4aa303c4f4ec4c01"", ""companion_id"": ""card_bfa3fab2cd3e16c4ee"", ""tier"": ""grammar_sketch""}"
target_8e65e0c5a60d57c8dc,"{""lead_id"": ""card_751ad87a742b609f04"", ""companion_id"": ""card_5a04099922d8de5b98"", ""tier"": ""phonology_or_text""}"
target_8e70dc7af04951c23a,"{""lead_id"": ""card_60bb1e804bfc733597"", ""companion_id"": ""card_8a86bcfa2bbb1f9772"", ""tier"": ""grammar_sketch""}"
target_8ea7219bb613f705fa,"{""lead_id"": ""card_6f1c9a44d64ac38dc9"", ""companion_id"": ""card_d6b2494d586f5737af"", ""tier"": ""phonology_or_text""}"
target_8ed03d99892863aa85,"{""lead_id"": ""card_ab7075bdc1bc31dbbd"", ""companion_id"": ""card_01d737caa2c4f05599"", ""tier"": ""grammar_sketch""}"
target_8ef663d8fbeefd546c,"{""lead_id"": ""card_2ffb7eed2fa43f51de"", ""companion_id"": ""card_a5a17e900d236bad3f"", ""tier"": ""wordlist_or_less""}"
target_8f305f5988e39beab7,"{""lead_id"": ""card_5c0437bbbef7505f1a"", ""companion_id"": ""card_faa2e54cff0c312bf9"", ""tier"": ""long_grammar""}"
target_8f5d2eefa552877877,"{""lead_id"": ""card_eed34d06a7910e89af"", ""companion_id"": ""card_cb79cb6ff3b03955ae"", ""tier"": ""grammar_sketch""}"
target_8fa6681dbdb15cd7ed,"{""lead_id"": ""card_973c55a986c6e8af22"", ""companion_id"": ""card_b4a5cb7769d8fa4513"", ""tier"": ""grammar_sketch""}"
target_8fd6b9766f2dab2c62,"{""lead_id"": ""card_6ec1f4bec535137864"", ""companion_id"": ""card_20481cfb3445755d08"", ""tier"": ""phonology_or_text""}"
target_90272f326be79a9ec4,"{""lead_id"": ""card_5b93a3ff6540056376"", ""companion_id"": ""card_042a982bef7e98f110"", ""tier"": ""long_grammar""}"
target_906ef2cbaee771ac14,"{""lead_id"": ""card_d15e3682cfa4b8f721"", ""companion_id"": ""card_407f59a04dff8cbeb9"", ""tier"": ""grammar_sketch""}"
target_919ec0bdb4d872d8c1,"{""lead_id"": ""card_0ed0223862df27a786"", ""companion_id"": ""card_6deb28d7f04bf1b621"", ""tier"": ""grammar_sketch""}"
target_91d8287a246be25fb4,"{""lead_id"": ""card_cea30f4474cdf590c5"", ""companion_id"": ""card_e158a8213fb8154127"", ""tier"": ""wordlist_or_less""}"
target_923377de2a77aee8f2,"{""lead_id"": ""card_3dc55d7188a4aa6ccf"", ""companion_id"": ""card_afff2eb452d568d868"", ""tier"": ""phonology_or_text""}"
target_9241ecabc9f646c98e,"{""lead_id"": ""card_527026db0f8038cd0a"", ""companion_id"": ""card_f499f38de7055ae4a8"", ""tier"": ""wordlist_or_less""}"
target_9294ac2ab509ce1797,"{""lead_id"": ""card_0c720839ab4aa5d75e"", ""companion_id"": ""card_055c26ab146a4d1c48"", ""tier"": ""phonology_or_text""}"
target_92ef349a0d2eccd28d,"{""lead_id"": ""card_e2282ece13c933eeee"", ""companion_id"": ""card_19d1f19d7920a6f8d2"", ""tier"": ""long_grammar""}"
target_93a13aa1ba284f34d7,"{""lead_id"": ""card_2f2b3cbb4edd382172"", ""companion_id"": ""card_b602ddfd7740ac2b04"", ""tier"": ""wordlist_or_less""}"
target_93ae8841b94e95a78e,"{""lead_id"": ""card_6822f6a43830c5cd9e"", ""companion_id"": ""card_5cba4110b4b4930531"", ""tier"": ""long_grammar""}"
target_93afce3f8b923c9561,"{""lead_id"": ""card_faf9d369ddee664323"", ""companion_id"": ""card_ef121ab08d20914881"", ""tier"": ""wordlist_or_less""}"
target_93c44e0774cfd56b7c,"{""lead_id"": ""card_b0da197824e4dd451d"", ""companion_id"": ""card_8ad6bf42fb4646f556"", ""tier"": ""long_grammar""}"
target_9589b7953dc4ebe065,"{""lead_id"": ""card_74d574c4a58ecfa293"", ""companion_id"": ""card_ae4708cf2b7f1ecd32"", ""tier"": ""long_grammar""}"
target_95b43d75a1bf28d5f2,"{""lead_id"": ""card_6455d404fef947c454"", ""companion_id"": ""card_2f88d8acbd9346cbc1"", ""tier"": ""phonology_or_text""}"
target_95b4db63364f7eecf7,"{""lead_id"": ""card_a02b578032f06cb0bf"", ""companion_id"": ""card_3b58eee0b4f5182f3c"", ""tier"": ""grammar_sketch""}"
target_95bc518a63c081a3e2,"{""lead_id"": ""card_f9f6571c91986ac3a5"", ""companion_id"": ""card_eaf5219a75e18f20da"", ""tier"": ""grammar_sketch""}"
target_95dca3df3a660cbc65,"{""lead_id"": ""card_8a87c7875130bb3651"", ""companion_id"": ""card_bd5d8f3deb7e2f13ed"", ""tier"": ""long_grammar""}"
target_967d3a59f654a7db7e,"{""lead_id"": ""card_0bd7f8632fcd612d6c"", ""companion_id"": ""card_66070372580bb2f773"", ""tier"": ""long_grammar""}"
target_96d073657b900490f5,"{""lead_id"": ""card_646b4970480ade6c97"", ""companion_id"": ""card_b258a9a9aeb3e745c9"", ""tier"": ""grammar_sketch""}"
target_96e09be43d230128cb,"{""lead_id"": ""card_265cdc6d902538b068"", ""companion_id"": ""card_e2757445c4561e543c"", ""tier"": ""grammar_sketch""}"
target_96e7a4776a7bd8dbec,"{""lead_id"": ""card_1118aa84ae29f8baf5"", ""companion_id"": ""card_bd063843ab167dfa4f"", ""tier"": ""phonology_or_text""}"
target_977ab177c5fe767277,"{""lead_id"": ""card_d759757a0c1719cc48"", ""companion_id"": ""card_d19aeece479e51ee43"", ""tier"": ""grammar_sketch""}"
target_977abd5c86cf1b8630,"{""lead_id"": ""card_1e2b7c83f9d4ada3af"", ""companion_id"": ""card_4dde3454e93ee52730"", ""tier"": ""grammar_sketch""}"
target_97cdecfdf388efce06,"{""lead_id"": ""card_ff99e700fe85f21cad"", ""companion_id"": ""card_d408d15a2c88ef4d6e"", ""tier"": ""grammar_sketch""}"
target_97eed2f9b66590a50b,"{""lead_id"": ""card_a4f687bf9f12ea4595"", ""companion_id"": ""card_afdf0106c2d41a0d2d"", ""tier"": ""grammar_sketch""}"
target_98317413185d47247a,"{""lead_id"": ""card_47271d3a6ef2cf30c0"", ""companion_id"": ""card_bbef10fcf5e344a37d"", ""tier"": ""grammar_sketch""}"
target_9840a45e22a6c968be,"{""lead_id"": ""card_c339f1388caaeef242"", ""companion_id"": ""card_72471e6c4f0e97973e"", ""tier"": ""long_grammar""}"
target_98cf372f86b53e4ad3,"{""lead_id"": ""card_2ba4da79651b3e8fde"", ""companion_id"": ""card_7eea96c7d29fc55893"", ""tier"": ""wordlist_or_less""}"
target_9920c2593e55d31e66,"{""lead_id"": ""card_91e103af363284c18e"", ""companion_id"": ""card_f8e4e3e05d75c8f89d"", ""tier"": ""grammar_sketch""}"
target_99294996044434070e,"{""lead_id"": ""card_6b1842fdaa9a730610"", ""companion_id"": ""card_7ffdd825e7cfe0472b"", ""tier"": ""wordlist_or_less""}"
target_9984fd400cea674c11,"{""lead_id"": ""card_a78925c1b6b441fcbc"", ""companion_id"": ""card_3fddf6e38c043aabd4"", ""tier"": ""grammar_sketch""}"
target_99c44a1c7117cdc624,"{""lead_id"": ""card_484bdbfdf946690162"", ""companion_id"": ""card_f4142b95a371addf62"", ""tier"": ""phonology_or_text""}"
target_9a1ebc30c6d36e6672,"{""lead_id"": ""card_85cfe73ba76fe8637d"", ""companion_id"": ""card_194b1f3f8949384d18"", ""tier"": ""phonology_or_text""}"
target_9a7767450892ab71ea,"{""lead_id"": ""card_90dd3c96f0e79cb6ee"", ""companion_id"": ""card_6e75fa4079bf6cb5f4"", ""tier"": ""phonology_or_text""}"
target_9a78ab84b15811acb6,"{""lead_id"": ""card_c7846310130942cb79"", ""companion_id"": ""card_701cb0e3d4ecaa4511"", ""tier"": ""wordlist_or_less""}"
target_9b6764530eaa0cb070,"{""lead_id"": ""card_e4fff72f5b1966473d"", ""companion_id"": ""card_186e0cb9b304aea259"", ""tier"": ""grammar_sketch""}"
target_9bc21e5fcadda881ae,"{""lead_id"": ""card_974ffcb71397d17c0c"", ""companion_id"": ""card_f3eeec205e04134d39"", ""tier"": ""grammar_sketch""}"
target_9c4fcf1925496b70e5,"{""lead_id"": ""card_cbe8acef3be90293fa"", ""companion_id"": ""card_6220218bab58cc163f"", ""tier"": ""phonology_or_text""}"
target_9c685c102ed02fb9bc,"{""lead_id"": ""card_a57b4992c5c1f29309"", ""companion_id"": ""card_ac2a80915cb475ed4e"", ""tier"": ""long_grammar""}"
target_9c898334a13b1f813b,"{""lead_id"": ""card_3d63c384ef553ae838"", ""companion_id"": ""card_44aefe525d02972629"", ""tier"": ""long_grammar""}"
target_9cb5897b5501233677,"{""lead_id"": ""card_2bed544ee295282a9f"", ""companion_id"": ""card_e70a7b9386019a66d6"", ""tier"": ""grammar_sketch""}"
target_9cf06bd41dc18a4967,"{""lead_id"": ""card_53bfb7e1cad2b7406b"", ""companion_id"": ""card_3be166cdac4544017d"", ""tier"": ""grammar_sketch""}"
target_9d0d9fe98eb86dcec6,"{""lead_id"": ""card_c392fdc4fad945f525"", ""companion_id"": ""card_86aee3a0fc388f8fe1"", ""tier"": ""phonology_or_text""}"
target_9d3ee2621f72a4147c,"{""lead_id"": ""card_9b796909c61de08dd6"", ""companion_id"": ""card_22521ca0317d4531e8"", ""tier"": ""grammar_sketch""}"
target_9dc2a6fe286c2f2e07,"{""lead_id"": ""card_794d9394e098b11c7a"", ""companion_id"": ""card_2a30fac2715ef43a5a"", ""tier"": ""phonology_or_text""}"
target_9dde47a910ce49ac60,"{""lead_id"": ""card_33106d3cf5d9eb2b8a"", ""companion_id"": ""card_656d6115fda8947b8a"", ""tier"": ""long_grammar""}"
target_9dfa80554cfea349b8,"{""lead_id"": ""card_7f1f7c6da083f6b402"", ""companion_id"": ""card_925b845317821d1e33"", ""tier"": ""grammar_sketch""}"
target_9e1a8647b1088cc44e,"{""lead_id"": ""card_33a40663787aed5b49"", ""companion_id"": ""card_65466a70135f9472a4"", ""tier"": ""wordlist_or_less""}"
target_9e39ae3c9f7b872fe9,"{""lead_id"": ""card_70e921afe597a83e30"", ""companion_id"": ""card_e762212ded5ed5a908"", ""tier"": ""wordlist_or_less""}"
target_9e51f2de8e66155b87,"{""lead_id"": ""card_646193fc5230ef5c6e"", ""companion_id"": ""card_d62bc2fa966ddd49f0"", ""tier"": ""grammar_sketch""}"
target_9e75afb49a844f5af3,"{""lead_id"": ""card_e85cdd7b65d6f67d88"", ""companion_id"": ""card_ebe093bb5d1ea7afa7"", ""tier"": ""long_grammar""}"
target_9e9b9c03312aa83085,"{""lead_id"": ""card_851bb4645634c1ad75"", ""companion_id"": ""card_de2a56ebe2b740a01f"", ""tier"": ""grammar_sketch""}"
target_9eab374caef4d22b69,"{""lead_id"": ""card_4eeea8c7ef9f5d7dc2"", ""companion_id"": ""card_cf3f8325180aa54686"", ""tier"": ""wordlist_or_less""}"
target_9ec7845ffd62f87bb5,"{""lead_id"": ""card_9367bbe191efd9fa0b"", ""companion_id"": ""card_d0b5867864024820b5"", ""tier"": ""long_grammar""}"
target_9ecc36ded053152c4d,"{""lead_id"": ""card_8b92fee43d5702d00f"", ""companion_id"": ""card_79e291c35fe9293a3e"", ""tier"": ""phonology_or_text""}"
target_9ee8a9c1a96ead5be4,"{""lead_id"": ""card_18f66549bda2186572"", ""companion_id"": ""card_37eadf39436ece4bb5"", ""tier"": ""phonology_or_text""}"
target_9efd81c16ad2edc579,"{""lead_id"": ""card_1e4c0fbd4ca7fc82f1"", ""companion_id"": ""card_af5336772ebb3a66eb"", ""tier"": ""grammar_sketch""}"
target_9ffad8fae3c061918f,"{""lead_id"": ""card_44770a2e5e95d9be7c"", ""companion_id"": ""card_156abfad094e36279a"", ""tier"": ""phonology_or_text""}"
target_a004f6904c58d267fe,"{""lead_id"": ""card_59d01540a8f63f0c90"", ""companion_id"": ""card_df2dba20d249ca2a05"", ""tier"": ""phonology_or_text""}"
target_a0469de55ef9a4f8d6,"{""lead_id"": ""card_611fb220f99404fa7d"", ""companion_id"": ""card_d1a088a5ef945cb080"", ""tier"": ""grammar_sketch""}"
target_a055e7f8a1ecf6b39a,"{""lead_id"": ""card_f1292d11dec46dec36"", ""companion_id"": ""card_9f81d02af73525e91f"", ""tier"": ""long_grammar""}"
target_a061e5dfa69ce60856,"{""lead_id"": ""card_15605bf9a6748ae5bc"", ""companion_id"": ""card_48528ce46a1e620814"", ""tier"": ""grammar_sketch""}"
target_a0682b18af3d2d97d1,"{""lead_id"": ""card_03fabb801df47b0e50"", ""companion_id"": ""card_8ac26e6f3cd71ed524"", ""tier"": ""wordlist_or_less""}"
target_a06864a922cda3e704,"{""lead_id"": ""card_91bbb91ea2313cbec3"", ""companion_id"": ""card_cadfb690599910bc69"", ""tier"": ""wordlist_or_less""}"
target_a078616015e0ce79ef,"{""lead_id"": ""card_c32283529ee9d2525b"", ""companion_id"": ""card_d8b2713734bb6857e5"", ""tier"": ""wordlist_or_less""}"
target_a0b425c3f98f79c7a4,"{""lead_id"": ""card_93f75227a5aed33804"", ""companion_id"": ""card_404e3c4fe263f1dc47"", ""tier"": ""grammar_sketch""}"
target_a0c8d01fd4bd805144,"{""lead_id"": ""card_c86b619f81f982ab20"", ""companion_id"": ""card_b594c80a3e0bd97317"", ""tier"": ""grammar_sketch""}"
target_a15058ac4e03dc3a7b,"{""lead_id"": ""card_a664baf1293dd6af68"", ""companion_id"": ""card_7e61062d1fcfd8c598"", ""tier"": ""phonology_or_text""}"
target_a15539d845090ae3d8,"{""lead_id"": ""card_9f7416757e1006f661"", ""companion_id"": ""card_431c703adf47913d5c"", ""tier"": ""grammar_sketch""}"
target_a1dd62c8f23b57f63b,"{""lead_id"": ""card_467a1d848bd76ffa18"", ""companion_id"": ""card_e795e5761ed8bb1753"", ""tier"": ""long_grammar""}"
target_a1e27f2331e52fb71c,"{""lead_id"": ""card_b6c66ea9c2dc3e3329"", ""companion_id"": ""card_74149d23669d436757"", ""tier"": ""grammar_sketch""}"
target_a204375031c64258bd,"{""lead_id"": ""card_37816393d6d4db0f66"", ""companion_id"": ""card_02def92acc0a5783e4"", ""tier"": ""grammar_sketch""}"
target_a212c17ffc93972eef,"{""lead_id"": ""card_e64e09f0a5560ced8e"", ""companion_id"": ""card_dc77ad2e6879d923fd"", ""tier"": ""phonology_or_text""}"
target_a22caf8137667035a4,"{""lead_id"": ""card_9b2794c0304f4242d3"", ""companion_id"": ""card_d719037948c51ea26e"", ""tier"": ""wordlist_or_less""}"
target_a24e38f8faabad0a98,"{""lead_id"": ""card_b925cd756bafdcdef6"", ""companion_id"": ""card_5872aa62a3ffd18ced"", ""tier"": ""wordlist_or_less""}"
target_a2b1395bbeaac593fa,"{""lead_id"": ""card_ad07895ce0b67cb5af"", ""companion_id"": ""card_97f11ad0cb8f05253a"", ""tier"": ""grammar_sketch""}"
target_a2e32ef2ee4a2097bc,"{""lead_id"": ""card_06a52f07a1cef5e35c"", ""companion_id"": ""card_b932e9e73afdb2094a"", ""tier"": ""long_grammar""}"
target_a304c06e5251ff624e,"{""lead_id"": ""card_c433234dbc95a2bfca"", ""companion_id"": ""card_2445342f7a16c38f0c"", ""tier"": ""grammar_sketch""}"
target_a369de651018c4dca8,"{""lead_id"": ""card_e60220a939ecd6d14d"", ""companion_id"": ""card_6b5be90b8864d2c252"", ""tier"": ""long_grammar""}"
target_a3731c69dd6a9182a4,"{""lead_id"": ""card_23409bfa26874f30d3"", ""companion_id"": ""card_27e964ddb9364ae4ee"", ""tier"": ""grammar_sketch""}"
target_a3826b1df6fe085d40,"{""lead_id"": ""card_5daa3ae621adfb023e"", ""companion_id"": ""card_604cffba8aba94a031"", ""tier"": ""grammar_sketch""}"
target_a3df4b3c295aab5277,"{""lead_id"": ""card_1dfdc1278ba5b539a8"", ""companion_id"": ""card_e06a776af21b624e3f"", ""tier"": ""phonology_or_text""}"
target_a3e528cf6d772e6c1b,"{""lead_id"": ""card_b4472b05809d38e3ca"", ""companion_id"": ""card_3631b15960eefe3da6"", ""tier"": ""grammar_sketch""}"
target_a40e38e0167372d47a,"{""lead_id"": ""card_ac2afe922860f66ca8"", ""companion_id"": ""card_7448569b1b5701d28b"", ""tier"": ""grammar_sketch""}"
target_a41ebbc638d551db78,"{""lead_id"": ""card_80a3d158fd2d1af508"", ""companion_id"": ""card_ade73e8255c1b55cad"", ""tier"": ""grammar_sketch""}"
target_a453c9e806d1972b99,"{""lead_id"": ""card_366970301cf36e18a6"", ""companion_id"": ""card_357315d5018bbbb29a"", ""tier"": ""long_grammar""}"
target_a53c9a6d86e83884d0,"{""lead_id"": ""card_f38c6cc7514e827017"", ""companion_id"": ""card_4dadbab8fb739c4ce7"", ""tier"": ""grammar_sketch""}"
target_a57d6cea5fd2244a2d,"{""lead_id"": ""card_e9f16a9d9038d22305"", ""companion_id"": ""card_888241469b06fcbc5f"", ""tier"": ""phonology_or_text""}"
target_a5b6a24dc5a07f8731,"{""lead_id"": ""card_6361f83b49b97cc876"", ""companion_id"": ""card_ef4d68119722cc751d"", ""tier"": ""long_grammar""}"
target_a69cfd9234d4d39687,"{""lead_id"": ""card_34a7a9a0bff86447d6"", ""companion_id"": ""card_1f188236e0676a20c5"", ""tier"": ""grammar_sketch""}"
target_a69dfde9a453cc88a2,"{""lead_id"": ""card_5e35feea7267fb1f3a"", ""companion_id"": ""card_4806fe81d1b75b02f0"", ""tier"": ""long_grammar""}"
target_a6e3077c5d5ab9faeb,"{""lead_id"": ""card_20194e99e52f8b2690"", ""companion_id"": ""card_473a1b7b25e5f6179a"", ""tier"": ""wordlist_or_less""}"
target_a6e57f84f4600ab297,"{""lead_id"": ""card_bf4c02e7e282fce1a1"", ""companion_id"": ""card_e0088c14be0be370a6"", ""tier"": ""long_grammar""}"
target_a6e70996f1401ff5f4,"{""lead_id"": ""card_6121d4660a9b9dac78"", ""companion_id"": ""card_4801d0c0739cd4123b"", ""tier"": ""phonology_or_text""}"
target_a6ecea4cfcb84202fc,"{""lead_id"": ""card_624872159cb72a75e8"", ""companion_id"": ""card_b638ee9017e724f095"", ""tier"": ""long_grammar""}"
target_a6ee24af2c58f9f29f,"{""lead_id"": ""card_b13967fb946ba68da5"", ""companion_id"": ""card_a82495de9038e2acbe"", ""tier"": ""phonology_or_text""}"
target_a7408326a889fd2e20,"{""lead_id"": ""card_0c139d11ca20af1894"", ""companion_id"": ""card_4beb341ee1b7f67091"", ""tier"": ""long_grammar""}"
target_a77ef8c105f30ed93f,"{""lead_id"": ""card_ce6d14835a55ad2897"", ""companion_id"": ""card_9067967b6ad300d426"", ""tier"": ""grammar_sketch""}"
target_a810cd45c9f9a8d6a9,"{""lead_id"": ""card_9d58717088e87dfa16"", ""companion_id"": ""card_bee15040c3e7255792"", ""tier"": ""grammar_sketch""}"
target_a814ef5b7887795e6c,"{""lead_id"": ""card_879fc3c44f72d61dd2"", ""companion_id"": ""card_460c920bd0ab740439"", ""tier"": ""long_grammar""}"
target_a820a46851ab27deb8,"{""lead_id"": ""card_3927720b4bd2aa7dd8"", ""companion_id"": ""card_81bf19defdaea7cb7d"", ""tier"": ""long_grammar""}"
target_a86532d035177011fc,"{""lead_id"": ""card_adcbc876fbb81e43c1"", ""companion_id"": ""card_72ba0dd7a331f27f5a"", ""tier"": ""phonology_or_text""}"
target_a88faf0c453ea34eca,"{""lead_id"": ""card_0fbd8e9890c2c4de6a"", ""companion_id"": ""card_6c6c53e6783203246d"", ""tier"": ""long_grammar""}"
target_a8a00bf0d547880d14,"{""lead_id"": ""card_0ab2f762f4649139d0"", ""companion_id"": ""card_0dec725294c779e665"", ""tier"": ""phonology_or_text""}"
target_a903508674edbb4b60,"{""lead_id"": ""card_bdf038b65b24a5186f"", ""companion_id"": ""card_76de728d307ea4cf9b"", ""tier"": ""grammar_sketch""}"
target_a9239b80f338606585,"{""lead_id"": ""card_baf60d4be009d32f0f"", ""companion_id"": ""card_68b55e90e7652f6dc3"", ""tier"": ""long_grammar""}"
target_a92e81bba3109e11a2,"{""lead_id"": ""card_357a7e10aea12e3caa"", ""companion_id"": ""card_e2b221e6ca7e099aff"", ""tier"": ""phonology_or_text""}"
target_a955bee3342fbf88f4,"{""lead_id"": ""card_75601bc752bc286a5c"", ""companion_id"": ""card_06cc46567736515d5c"", ""tier"": ""phonology_or_text""}"
target_a9583a890076dc8cf1,"{""lead_id"": ""card_d5d271e237625e534d"", ""companion_id"": ""card_348361d656fae18944"", ""tier"": ""phonology_or_text""}"
target_a9d998044d457c4f95,"{""lead_id"": ""card_601f2efa95d7b0b660"", ""companion_id"": ""card_c0e5251e1b2d2a3107"", ""tier"": ""phonology_or_text""}"
target_a9f1f062b1d4944271,"{""lead_id"": ""card_0f7c89548bddabfb3d"", ""companion_id"": ""card_4375b5afa5b5be5d71"", ""tier"": ""wordlist_or_less""}"
target_aa204621e7772c7fa8,"{""lead_id"": ""card_20bbcd1ea69e828041"", ""companion_id"": ""card_b2b2e431c58d4d2e73"", ""tier"": ""grammar_sketch""}"
target_aa2dba3cea01a4ff4f,"{""lead_id"": ""card_016c739d44ad40c8eb"", ""companion_id"": ""card_324fdd490c65b832ab"", ""tier"": ""grammar_sketch""}"
target_ab3847daf93e2410df,"{""lead_id"": ""card_e130378e79fcdc19fa"", ""companion_id"": ""card_13263daf2dec552152"", ""tier"": ""grammar_sketch""}"
target_abb1b53c230c251b88,"{""lead_id"": ""card_b5e5cae15f9a1c0748"", ""companion_id"": ""card_b8f1e245e18d944712"", ""tier"": ""long_grammar""}"
target_abbbb654d03871b7c8,"{""lead_id"": ""card_e692b25d42b310b224"", ""companion_id"": ""card_841d72ae1e61c4a9f7"", ""tier"": ""grammar_sketch""}"
target_ac09769e71ba5eb4ed,"{""lead_id"": ""card_fc81e2c84b1731a482"", ""companion_id"": ""card_481100037b1decd199"", ""tier"": ""grammar_sketch""}"
target_ac0fd85993e0f409f0,"{""lead_id"": ""card_45fdceb3ceeb6bffc0"", ""companion_id"": ""card_dce852137b43ea57d9"", ""tier"": ""long_grammar""}"
target_acfdd9370e8f36f253,"{""lead_id"": ""card_f90abe705216916612"", ""companion_id"": ""card_723f67f0683adb1d81"", ""tier"": ""phonology_or_text""}"
target_acfe347b65c82e9d43,"{""lead_id"": ""card_091e7b93d8e8a3a81f"", ""companion_id"": ""card_49bff40629c7d2d437"", ""tier"": ""phonology_or_text""}"
target_ad0f04045b93bf05b2,"{""lead_id"": ""card_3f86d95ba066cd6e22"", ""companion_id"": ""card_5e6f4f2ba4658a43ef"", ""tier"": ""phonology_or_text""}"
target_ad439c29a1dbffd332,"{""lead_id"": ""card_605ba7dcd2cfe1957f"", ""companion_id"": ""card_c102895d0f814be6fc"", ""tier"": ""wordlist_or_less""}"
target_ad799a9f036161527c,"{""lead_id"": ""card_39a30ea7647134cb33"", ""companion_id"": ""card_f393b06e53fcc7fa53"", ""tier"": ""wordlist_or_less""}"
target_adabb6925cabe4917e,"{""lead_id"": ""card_ba60aa586cf65351cb"", ""companion_id"": ""card_f0f0fe20cd360f85df"", ""tier"": ""long_grammar""}"
target_adc57d07024ebf62ed,"{""lead_id"": ""card_170356c078e6cc868e"", ""companion_id"": ""card_b328c7f4eb6f796ea3"", ""tier"": ""wordlist_or_less""}"
target_addff34bae74216093,"{""lead_id"": ""card_867515224fa5d92357"", ""companion_id"": ""card_da1ebfdb0c4986fb0c"", ""tier"": ""long_grammar""}"
target_ae365236786368d01c,"{""lead_id"": ""card_a25620d3a644c9d4cb"", ""companion_id"": ""card_1d2ae8f7e3932cc964"", ""tier"": ""long_grammar""}"
target_ae373539e5df6a12d7,"{""lead_id"": ""card_c38a9246337e4e03b5"", ""companion_id"": ""card_fd2d574cfe85af5fcc"", ""tier"": ""long_grammar""}"
target_ae6d8dcc60f730fd98,"{""lead_id"": ""card_bb985b756887e5c14e"", ""companion_id"": ""card_00a51912dbb0b009f9"", ""tier"": ""grammar_sketch""}"
target_ae6ff696f0da71e9df,"{""lead_id"": ""card_9556076767b786dc0c"", ""companion_id"": ""card_2022dfce68af952efc"", ""tier"": ""phonology_or_text""}"
target_aead8f10a087642c29,"{""lead_id"": ""card_2b19c64e8dd0013ba1"", ""companion_id"": ""card_6f1e71d5ea406ee25e"", ""tier"": ""wordlist_or_less""}"
target_af291881f69c1413d0,"{""lead_id"": ""card_fbfd65c1cd748f6b1c"", ""companion_id"": ""card_2853cbb79f3a9f8175"", ""tier"": ""grammar_sketch""}"
target_af48022146e146613f,"{""lead_id"": ""card_bcb9c43290bd0aff26"", ""companion_id"": ""card_4bdf0492303dbfa080"", ""tier"": ""long_grammar""}"
target_af7c141c68eb8df19c,"{""lead_id"": ""card_dcf6fc389c00b7ef46"", ""companion_id"": ""card_383444b86bdab420b4"", ""tier"": ""long_grammar""}"
target_af831938d1c3e402da,"{""lead_id"": ""card_2aa30ba94ce46c6bbd"", ""companion_id"": ""card_d626ea84b979a3c1c1"", ""tier"": ""grammar_sketch""}"
target_afd66cb677e7dbb179,"{""lead_id"": ""card_1391493da9e6697a45"", ""companion_id"": ""card_d0cf403d05ff214839"", ""tier"": ""long_grammar""}"
target_afd6b7c4f359617be3,"{""lead_id"": ""card_650dd32035a2cd3827"", ""companion_id"": ""card_4114c1fc6383827e96"", ""tier"": ""long_grammar""}"
target_b052c99ad20a7a006e,"{""lead_id"": ""card_07d603de1025f45590"", ""companion_id"": ""card_d522f485d5c944b90d"", ""tier"": ""wordlist_or_less""}"
target_b0cca72d09cf5daba3,"{""lead_id"": ""card_a3fe56319aff8d537f"", ""companion_id"": ""card_60568d35382df82556"", ""tier"": ""grammar_sketch""}"
target_b0d314bc3ce0e0d729,"{""lead_id"": ""card_9f7fd8176926fa4d8b"", ""companion_id"": ""card_15c90a313f8492495e"", ""tier"": ""long_grammar""}"
target_b12a29c43b1de1c447,"{""lead_id"": ""card_15d969a8235906caea"", ""companion_id"": ""card_f062212e4390f73042"", ""tier"": ""grammar_sketch""}"
target_b13307a38a919bc76d,"{""lead_id"": ""card_fea68e0357b3a2f42c"", ""companion_id"": ""card_54397f73c390c41c69"", ""tier"": ""grammar_sketch""}"
target_b14de1f50f3ac64353,"{""lead_id"": ""card_d526403a1240c54c5f"", ""companion_id"": ""card_49bfad3a75268b5323"", ""tier"": ""grammar_sketch""}"
target_b15813bff9bcc58802,"{""lead_id"": ""card_4e566f9a9c455be929"", ""companion_id"": ""card_f5a0ad7e80e9f109c3"", ""tier"": ""long_grammar""}"
target_b1a82007bff20724a3,"{""lead_id"": ""card_1163e28f9ef68f2a70"", ""companion_id"": ""card_322320068b89f98b7b"", ""tier"": ""long_grammar""}"
target_b1b27015a845a889d8,"{""lead_id"": ""card_cb8b84300631a4f3ff"", ""companion_id"": ""card_605fa4a08203cc4395"", ""tier"": ""long_grammar""}"
target_b1cd463d2f9db00a98,"{""lead_id"": ""card_9699097f5dcc307319"", ""companion_id"": ""card_695f9ff3a95a65eb6e"", ""tier"": ""grammar_sketch""}"
target_b1cff6d33eaa6f9e35,"{""lead_id"": ""card_00b25089575f5e7a26"", ""companion_id"": ""card_cf8187472a5756caaa"", ""tier"": ""phonology_or_text""}"
target_b1e42b794742f71ec1,"{""lead_id"": ""card_45cee12135906c54ab"", ""companion_id"": ""card_ebc5e762c9b7449d3e"", ""tier"": ""phonology_or_text""}"
target_b233aa0ce36c31ba34,"{""lead_id"": ""card_d5bcf771f7543389b8"", ""companion_id"": ""card_45fe56075fb3aca75f"", ""tier"": ""grammar_sketch""}"
target_b25c2a3befad17ac40,"{""lead_id"": ""card_3bef36a739ac5a23ce"", ""companion_id"": ""card_bfc8856cd16be4d310"", ""tier"": ""grammar_sketch""}"
target_b2900953a56810d43a,"{""lead_id"": ""card_f1b66079106c7b7922"", ""companion_id"": ""card_dae93634024aaf377d"", ""tier"": ""grammar_sketch""}"
target_b2adfe692e672d88c4,"{""lead_id"": ""card_7ac0f2b21697dfac9c"", ""companion_id"": ""card_6b0ed04c983b0f0a00"", ""tier"": ""grammar_sketch""}"
target_b2f583cb99f0a59382,"{""lead_id"": ""card_d9b07e12535f20fb6b"", ""companion_id"": ""card_a0f2bc6432ed96ccf6"", ""tier"": ""long_grammar""}"
target_b2f6db31dbf846c0cb,"{""lead_id"": ""card_9f10e408663a435271"", ""companion_id"": ""card_31aec5851f1c452d82"", ""tier"": ""grammar_sketch""}"
target_b34c7134660d758a8b,"{""lead_id"": ""card_999e2edf4697664771"", ""companion_id"": ""card_5fdd64f32f5f889807"", ""tier"": ""grammar_sketch""}"
target_b3609fc7129fa2ca69,"{""lead_id"": ""card_330b9c88595cba593e"", ""companion_id"": ""card_39f2a84ab754473112"", ""tier"": ""long_grammar""}"
target_b38d5f48a655166069,"{""lead_id"": ""card_55d288f9ad37203b5f"", ""companion_id"": ""card_df35d4c310e257e402"", ""tier"": ""phonology_or_text""}"
target_b3b83f1b0d51a99f7a,"{""lead_id"": ""card_90e4b1211e3bf49695"", ""companion_id"": ""card_4e207280da32ed4c0e"", ""tier"": ""grammar_sketch""}"
target_b3ca1a8d2a5592067f,"{""lead_id"": ""card_a9be88d666de75fa58"", ""companion_id"": ""card_27bd4c939523f90510"", ""tier"": ""grammar_sketch""}"
target_b3e911396cfbe80fba,"{""lead_id"": ""card_8da4551268bf7aea58"", ""companion_id"": ""card_2a327b95467d01d301"", ""tier"": ""long_grammar""}"
target_b4370f1a331bb78ba0,"{""lead_id"": ""card_cc2846473fa76c8793"", ""companion_id"": ""card_0f9c5cf4388438bdd7"", ""tier"": ""phonology_or_text""}"
target_b440c3fccf5ae3ff57,"{""lead_id"": ""card_2485bee975b17f606a"", ""companion_id"": ""card_08c773984477ccf480"", ""tier"": ""phonology_or_text""}"
target_b45d5f2726fa16b991,"{""lead_id"": ""card_6d0ab4ae94a402d360"", ""companion_id"": ""card_58b90f2aa3d4f9cf9e"", ""tier"": ""grammar_sketch""}"
target_b45fb6df3baad6ace3,"{""lead_id"": ""card_8add343a24c9b69f77"", ""companion_id"": ""card_8c8eccdba89497e7a6"", ""tier"": ""phonology_or_text""}"
target_b4dec26005fd19dab0,"{""lead_id"": ""card_e50ff06e7b3b64777d"", ""companion_id"": ""card_a7215bb8db5379e79e"", ""tier"": ""grammar_sketch""}"
target_b4ea8e7154b3bb58c2,"{""lead_id"": ""card_7d79726adb2cbd8d8d"", ""companion_id"": ""card_03b6be24118f65316c"", ""tier"": ""long_grammar""}"
target_b5f8df6b35eea8a555,"{""lead_id"": ""card_957330edcfba2b3497"", ""companion_id"": ""card_b80dc07436adfeadf9"", ""tier"": ""long_grammar""}"
target_b6211501e9e242d775,"{""lead_id"": ""card_528fdbee947ef83c8a"", ""companion_id"": ""card_c1c951d7c720b7210d"", ""tier"": ""long_grammar""}"
target_b67e2b4769fb199b85,"{""lead_id"": ""card_63e5d4bddf6476cd12"", ""companion_id"": ""card_a5cd266f2d084c7ae4"", ""tier"": ""grammar_sketch""}"
target_b691ee29475edd2a6f,"{""lead_id"": ""card_0a4d69145aa6432a02"", ""companion_id"": ""card_6f3767044ec7bd3632"", ""tier"": ""long_grammar""}"
target_b7425110d50af5e28c,"{""lead_id"": ""card_a990adbe3eee200950"", ""companion_id"": ""card_4a9ccceff890447270"", ""tier"": ""grammar_sketch""}"
target_b75176c0220f479813,"{""lead_id"": ""card_e3128e5539187f0cc0"", ""companion_id"": ""card_a7f0936c6a05b86405"", ""tier"": ""grammar_sketch""}"
target_b86762ed7940c97965,"{""lead_id"": ""card_46011c57327812790e"", ""companion_id"": ""card_9fbfe74d2b20ca8fb1"", ""tier"": ""wordlist_or_less""}"
target_b86a4a42c824380ff3,"{""lead_id"": ""card_5e5238c7a324f1923a"", ""companion_id"": ""card_4e5f37511c25a870da"", ""tier"": ""phonology_or_text""}"
target_b885e3d88920899306,"{""lead_id"": ""card_0dcdfda0c676ed20a5"", ""companion_id"": ""card_693cc4cc52d5cf37ab"", ""tier"": ""phonology_or_text""}"
target_b946edf0972f01ebb0,"{""lead_id"": ""card_6d173f5598eb494316"", ""companion_id"": ""card_b0c8fd9b3432e59351"", ""tier"": ""grammar_sketch""}"
target_b962c2f0968116a65c,"{""lead_id"": ""card_d9667e8f12c204b8f6"", ""companion_id"": ""card_c3b38ca7e4f655567b"", ""tier"": ""grammar_sketch""}"
target_b96a28c8224976b00f,"{""lead_id"": ""card_312d4210380ab9afce"", ""companion_id"": ""card_cd7d37817896758b0a"", ""tier"": ""grammar_sketch""}"
target_b9c3cccf6d4e07f93a,"{""lead_id"": ""card_9ca0ad169e0eae6b00"", ""companion_id"": ""card_70aa8fa50fbbfc4044"", ""tier"": ""long_grammar""}"
target_ba338ec97854cc0209,"{""lead_id"": ""card_87d72802db96e04fa5"", ""companion_id"": ""card_fc8707583d175ce41b"", ""tier"": ""long_grammar""}"
target_ba67aa44181fc71c09,"{""lead_id"": ""card_9b830cd45f7990cbe7"", ""companion_id"": ""card_6cb7b76a9a9b397d84"", ""tier"": ""grammar_sketch""}"
target_bb2a063ef0030be68d,"{""lead_id"": ""card_60aad41afdb6c4c752"", ""companion_id"": ""card_b62386e0c2c15f8480"", ""tier"": ""grammar_sketch""}"
target_bb64fdcd8383b46ee9,"{""lead_id"": ""card_a89fd81408b5c841cd"", ""companion_id"": ""card_2b75458130674bedd2"", ""tier"": ""wordlist_or_less""}"
target_bbc6b60b7a9bd9a742,"{""lead_id"": ""card_9ce43ddae761aef33c"", ""companion_id"": ""card_56ceaa8cea35d20ebb"", ""tier"": ""phonology_or_text""}"
target_bc2abba992029fd21c,"{""lead_id"": ""card_f914d4a544436ee6cd"", ""companion_id"": ""card_36f9f60b88e7aefabe"", ""tier"": ""phonology_or_text""}"
target_bc7cd30feecb7b7ef7,"{""lead_id"": ""card_de371d19feb059ea6f"", ""companion_id"": ""card_3f8dabdba00424ed6e"", ""tier"": ""long_grammar""}"
target_bcd96fe27166ed3107,"{""lead_id"": ""card_b25e997448a0ba38ca"", ""companion_id"": ""card_30bfbe0e813d1337c8"", ""tier"": ""long_grammar""}"
target_bd285d7f8daf63fe1d,"{""lead_id"": ""card_9addff6c51c12cbd9b"", ""companion_id"": ""card_37314c10af939a49b9"", ""tier"": ""grammar_sketch""}"
target_bd71faecc73a914dd8,"{""lead_id"": ""card_1f724b22e6b33f27b7"", ""companion_id"": ""card_b9339153131fffb4b1"", ""tier"": ""long_grammar""}"
target_bdc75de5d0e5d77f35,"{""lead_id"": ""card_2e682f7deb058e1dff"", ""companion_id"": ""card_682cca90facdf958cf"", ""tier"": ""long_grammar""}"
target_bddb18463886805a1d,"{""lead_id"": ""card_1fc2b1364942640777"", ""companion_id"": ""card_af7e65e52fc4427c36"", ""tier"": ""grammar_sketch""}"
target_bdf85cdbe4bd5e1c4f,"{""lead_id"": ""card_6734ad16b51195c761"", ""companion_id"": ""card_46b8c7febc55aa66cf"", ""tier"": ""grammar_sketch""}"
target_bdff22881b18c3d7a3,"{""lead_id"": ""card_b679057b9f9527d531"", ""companion_id"": ""card_28ae36ac2ac8d3f843"", ""tier"": ""wordlist_or_less""}"
target_bee8f9c9cbde3266ef,"{""lead_id"": ""card_77b4e7f98b7c8de4db"", ""companion_id"": ""card_8c5fbdd12a844477b3"", ""tier"": ""long_grammar""}"
target_bef783df4adf951415,"{""lead_id"": ""card_06402e2ad8ef81eb8b"", ""companion_id"": ""card_37eb01352ae0310339"", ""tier"": ""grammar_sketch""}"
target_bf13bd43d4ea338f45,"{""lead_id"": ""card_4fede5d849e3ec4d69"", ""companion_id"": ""card_697a574efc065d5605"", ""tier"": ""long_grammar""}"
target_bf5ba82c7b42f74531,"{""lead_id"": ""card_315632a7d04ffdb636"", ""companion_id"": ""card_d3f025455f394e9898"", ""tier"": ""wordlist_or_less""}"
target_bfc64d28a376327076,"{""lead_id"": ""card_5a2dcef54504a67c59"", ""companion_id"": ""card_0d447dd86df5528649"", ""tier"": ""grammar_sketch""}"
target_c0ccf6b70209c37977,"{""lead_id"": ""card_3f9c018f9177cbcb87"", ""companion_id"": ""card_46230118cdd5e47220"", ""tier"": ""phonology_or_text""}"
target_c0e4d5f258129608d7,"{""lead_id"": ""card_133a8d7a2243d83c98"", ""companion_id"": ""card_5209b810e73b30aafe"", ""tier"": ""grammar_sketch""}"
target_c125c911413ea94aa3,"{""lead_id"": ""card_c5541e50148204a897"", ""companion_id"": ""card_8c486d3c11bca53d26"", ""tier"": ""phonology_or_text""}"
target_c1fd58346fe5e8dc0f,"{""lead_id"": ""card_e112c8d11ab7ad3160"", ""companion_id"": ""card_f5d1fd5a3577a23a07"", ""tier"": ""long_grammar""}"
target_c21e39b6b6ce845793,"{""lead_id"": ""card_6635930c819938395b"", ""companion_id"": ""card_7d97fc4525cd1f110e"", ""tier"": ""long_grammar""}"
target_c2731a7deca56785ed,"{""lead_id"": ""card_f21794d378030da306"", ""companion_id"": ""card_8717eff36ef77b50d6"", ""tier"": ""phonology_or_text""}"
target_c32f0ab5cc1ccac0e1,"{""lead_id"": ""card_62f86d2e698ac74803"", ""companion_id"": ""card_f417789510092a02da"", ""tier"": ""long_grammar""}"
target_c347180100ff7c9324,"{""lead_id"": ""card_b0791b355258f2b6ae"", ""companion_id"": ""card_76041e9a31cd5fdf3e"", ""tier"": ""grammar_sketch""}"
target_c34b0e5fee04607fe8,"{""lead_id"": ""card_43008bff154c1ccdd3"", ""companion_id"": ""card_0877ff6ce5c3d9b913"", ""tier"": ""grammar_sketch""}"
target_c390189fa8aa5fc315,"{""lead_id"": ""card_49c4eef48b45c58d01"", ""companion_id"": ""card_5ba89cd566a986bef3"", ""tier"": ""grammar_sketch""}"
target_c39a51c1ce4c252085,"{""lead_id"": ""card_670c90cfa7dc013575"", ""companion_id"": ""card_017eff719762280c97"", ""tier"": ""grammar_sketch""}"
target_c42afed7c3b15e78e7,"{""lead_id"": ""card_0bcc87ef0f1a4b566d"", ""companion_id"": ""card_ef218914ddc6ccce8d"", ""tier"": ""wordlist_or_less""}"
target_c46d0e15888e35225c,"{""lead_id"": ""card_52fd47d08ec611fab3"", ""companion_id"": ""card_f6a6f9a514a352d1f7"", ""tier"": ""wordlist_or_less""}"
target_c47482f6b2fb91d261,"{""lead_id"": ""card_576567b85087797d98"", ""companion_id"": ""card_e486aab7eaab8c0796"", ""tier"": ""phonology_or_text""}"
target_c4e1c7e28ce7c90d6d,"{""lead_id"": ""card_211c4329c48057b66d"", ""companion_id"": ""card_7c4be063c7e502f5bf"", ""tier"": ""phonology_or_text""}"
target_c583870d58f4cb00e3,"{""lead_id"": ""card_8c4b738958a6012843"", ""companion_id"": ""card_6b1be4739b1c95a351"", ""tier"": ""long_grammar""}"
target_c5d99e71e059cbc89d,"{""lead_id"": ""card_1d354c773aa0279c0f"", ""companion_id"": ""card_caa19e9407d64134de"", ""tier"": ""long_grammar""}"
target_c5e0aaea46ad973365,"{""lead_id"": ""card_7775ccec61bf5e39b1"", ""companion_id"": ""card_20e7247aadabfec0a1"", ""tier"": ""phonology_or_text""}"
target_c638bddd5caa4b7f13,"{""lead_id"": ""card_ff715d8fc53558c807"", ""companion_id"": ""card_19e76ce752af8b2a81"", ""tier"": ""long_grammar""}"
target_c65619bc59035fbb05,"{""lead_id"": ""card_3d04281e393fb6b686"", ""companion_id"": ""card_92783d161aa3746dff"", ""tier"": ""grammar_sketch""}"
target_c678c5d0ae7191920e,"{""lead_id"": ""card_630e62fdd79f359e57"", ""companion_id"": ""card_20e484d44fa3bb36b4"", ""tier"": ""long_grammar""}"
target_c6b103071b025c652c,"{""lead_id"": ""card_96a9d724cfc14e63ef"", ""companion_id"": ""card_65b4cf7dc4e930ad01"", ""tier"": ""phonology_or_text""}"
target_c6b2dc0877a9e66ed3,"{""lead_id"": ""card_c9e193197dd01e6dcf"", ""companion_id"": ""card_974d0ec8ddc45f86db"", ""tier"": ""grammar_sketch""}"
target_c6f04bfa9c8d5c4480,"{""lead_id"": ""card_f362e380f08724fd03"", ""companion_id"": ""card_7c84eff1a106ebbbd6"", ""tier"": ""long_grammar""}"
target_c700be68fe81658213,"{""lead_id"": ""card_f8831f5d3ae698ce2d"", ""companion_id"": ""card_309508c6745b5f730f"", ""tier"": ""wordlist_or_less""}"
target_c726b22a14c133e0c5,"{""lead_id"": ""card_8fc502aadd7506b3d4"", ""companion_id"": ""card_bf495f07db726e7892"", ""tier"": ""wordlist_or_less""}"
target_c72b5209021169f620,"{""lead_id"": ""card_bc3ff77256dd97fa6f"", ""companion_id"": ""card_c8be1118a415295584"", ""tier"": ""long_grammar""}"
target_c75b11a7d2d4b4a033,"{""lead_id"": ""card_7e732bad2d4a124b4b"", ""companion_id"": ""card_692a90a8ad1edae35b"", ""tier"": ""phonology_or_text""}"
target_c7665583b5921d1090,"{""lead_id"": ""card_410c09f5c44229645f"", ""companion_id"": ""card_d5addc106570cb2eb1"", ""tier"": ""long_grammar""}"
target_c7808462865a4d23f9,"{""lead_id"": ""card_9c26c645221ee3b0ab"", ""companion_id"": ""card_705bca301bba50bd2b"", ""tier"": ""grammar_sketch""}"
target_c7c36bfd0248651419,"{""lead_id"": ""card_873f8d54edbf22a405"", ""companion_id"": ""card_691cc87d3d49512d38"", ""tier"": ""grammar_sketch""}"
target_c7e42df2107015b883,"{""lead_id"": ""card_693472ffd810b006a3"", ""companion_id"": ""card_7f374a9b3774660123"", ""tier"": ""long_grammar""}"
target_c7f1fc2575b2ef770f,"{""lead_id"": ""card_7d35422b1112c51b5c"", ""companion_id"": ""card_024c6f57898cf9ad2a"", ""tier"": ""grammar_sketch""}"
target_c82dab8d3edc06f351,"{""lead_id"": ""card_58b27568ce927ab951"", ""companion_id"": ""card_f73a8b9256e95111a4"", ""tier"": ""phonology_or_text""}"
target_c8c47b7e072f4e6b4f,"{""lead_id"": ""card_e3bd3a5c19608711c0"", ""companion_id"": ""card_354368d5c3f50f9dc0"", ""tier"": ""long_grammar""}"
target_c8e5a1b42916382c8d,"{""lead_id"": ""card_31fe5e1dfe4cc41f7c"", ""companion_id"": ""card_4d5a140ca8f4ff8480"", ""tier"": ""long_grammar""}"
target_c9871643a2c396e282,"{""lead_id"": ""card_17f61c43d3c25405b9"", ""companion_id"": ""card_42322d74e692ced9c9"", ""tier"": ""grammar_sketch""}"
target_c9dc4f3f76f4ae8da5,"{""lead_id"": ""card_8531e5d048fbbb569d"", ""companion_id"": ""card_93e2c3a7e2e26a6a6b"", ""tier"": ""grammar_sketch""}"
target_ca08d51bea02c5190a,"{""lead_id"": ""card_48a6f37010ab22c630"", ""companion_id"": ""card_f7cd8b8a7dec3d0731"", ""tier"": ""long_grammar""}"
target_ca1b9c6a94cff61b73,"{""lead_id"": ""card_f2dd868b2636ac2d4f"", ""companion_id"": ""card_04a96c2c7961867b63"", ""tier"": ""long_grammar""}"
target_ca2d592e13dbfece26,"{""lead_id"": ""card_758fb4464dc04f2a5b"", ""companion_id"": ""card_2a9308c68199d629a3"", ""tier"": ""grammar_sketch""}"
target_ca314708c516ccb906,"{""lead_id"": ""card_5489bcc3a14e2b6347"", ""companion_id"": ""card_d96bf6d617074851e2"", ""tier"": ""phonology_or_text""}"
target_ca4fa4d33ac20e86eb,"{""lead_id"": ""card_bda7ec61201638aaa1"", ""companion_id"": ""card_a54b5ba8b72b3faedf"", ""tier"": ""grammar_sketch""}"
target_caefc575f404a1e001,"{""lead_id"": ""card_b09800f515b373e3ea"", ""companion_id"": ""card_854c51d6075165610f"", ""tier"": ""phonology_or_text""}"
target_cb8fe1add7386c9b42,"{""lead_id"": ""card_bed7cadab701465f86"", ""companion_id"": ""card_49da61e011b5c10f60"", ""tier"": ""grammar_sketch""}"
target_cc04671b28a089a222,"{""lead_id"": ""card_50d3e2d0ac5a16c842"", ""companion_id"": ""card_e65a7bb2a9c603a28c"", ""tier"": ""grammar_sketch""}"
target_cc1a2262153616affa,"{""lead_id"": ""card_bee329bc93a5318f0a"", ""companion_id"": ""card_3680a43f42dbc07e67"", ""tier"": ""grammar_sketch""}"
target_cc36b8c600936a1b2f,"{""lead_id"": ""card_17a9b5505b11b2da07"", ""companion_id"": ""card_5e2ba1b9cc81678178"", ""tier"": ""phonology_or_text""}"
target_cc8f54ee767744f859,"{""lead_id"": ""card_6d98850071e333f745"", ""companion_id"": ""card_10a71fbef133069095"", ""tier"": ""grammar_sketch""}"
target_cd7bd4d9dd473d117e,"{""lead_id"": ""card_8f7af68bf7e79d9a13"", ""companion_id"": ""card_f4773dacdb66a47719"", ""tier"": ""grammar_sketch""}"
target_cd96773592b6b1ae64,"{""lead_id"": ""card_4579f6e2e32d635014"", ""companion_id"": ""card_32a855d74a67e35e2c"", ""tier"": ""wordlist_or_less""}"
target_cdc52d645a968a8942,"{""lead_id"": ""card_3ed9641938d465a0d7"", ""companion_id"": ""card_357ab84ef93938c98e"", ""tier"": ""wordlist_or_less""}"
target_cde11c5582e25b41ee,"{""lead_id"": ""card_6dbb16de6d35ecd7d3"", ""companion_id"": ""card_9c05f55aa99ed92596"", ""tier"": ""wordlist_or_less""}"
target_ce17e9178451dd9502,"{""lead_id"": ""card_7ea1d50430281a83eb"", ""companion_id"": ""card_ee3d3374769b270d9e"", ""tier"": ""wordlist_or_less""}"
target_ce63075f2f01c199ca,"{""lead_id"": ""card_096468e03331aa3807"", ""companion_id"": ""card_682d868a9fadf2c95e"", ""tier"": ""long_grammar""}"
target_ce68f987f9451dbf05,"{""lead_id"": ""card_de92fdb20de475c366"", ""companion_id"": ""card_42c323ea60f09c88e4"", ""tier"": ""phonology_or_text""}"
target_cef90340544459880c,"{""lead_id"": ""card_19835b7c62ebd8da2d"", ""companion_id"": ""card_e077ec1c732108eabd"", ""tier"": ""long_grammar""}"
target_cf0c12251c294dec8b,"{""lead_id"": ""card_3ec0f76a2bf2ff33c0"", ""companion_id"": ""card_eee1c95df3d5e421a0"", ""tier"": ""grammar_sketch""}"
target_cf36b23b4912d1cbe7,"{""lead_id"": ""card_eb773704d2bcd47ff1"", ""companion_id"": ""card_8e29906db4e8d37fa2"", ""tier"": ""phonology_or_text""}"
target_cf94f17c06aa890692,"{""lead_id"": ""card_18cc96d48c9b3667a8"", ""companion_id"": ""card_a9f511ed73e74d913d"", ""tier"": ""grammar_sketch""}"
target_d0082981957913b3a7,"{""lead_id"": ""card_14a8775b5925fa7a87"", ""companion_id"": ""card_0af701bada53660e0f"", ""tier"": ""long_grammar""}"
target_d07bab853d44ee9ec2,"{""lead_id"": ""card_1d990d05ccc611f6d7"", ""companion_id"": ""card_68e9ef2ecae0d01d27"", ""tier"": ""grammar_sketch""}"
target_d0c8295000a56569d2,"{""lead_id"": ""card_6232b0a69425d46ea6"", ""companion_id"": ""card_038f9621a3bef0361a"", ""tier"": ""phonology_or_text""}"
target_d1eece64d696a23a7e,"{""lead_id"": ""card_0ada555acd8cf3b583"", ""companion_id"": ""card_3cc8b50263072ad845"", ""tier"": ""grammar_sketch""}"
target_d22087a8cac5cbf782,"{""lead_id"": ""card_3c0449b707f763c118"", ""companion_id"": ""card_2e850aeabdc2b4677d"", ""tier"": ""long_grammar""}"
target_d2af0e06374ed84b27,"{""lead_id"": ""card_48beadfbf5176bcf01"", ""companion_id"": ""card_316468ec72e1c2c7a6"", ""tier"": ""long_grammar""}"
target_d30a159e3d21d4bc1f,"{""lead_id"": ""card_7fa08b22e9b666c7b3"", ""companion_id"": ""card_73c609a7473411ac6a"", ""tier"": ""phonology_or_text""}"
target_d3e72f279ce1801e39,"{""lead_id"": ""card_2d81f091e5b70ed377"", ""companion_id"": ""card_f5fc0c04f9316e2565"", ""tier"": ""wordlist_or_less""}"
target_d41e7d1bb34fd3dc4a,"{""lead_id"": ""card_3226dff4ceb82b254f"", ""companion_id"": ""card_c1bf81e1fe4383fba3"", ""tier"": ""long_grammar""}"
target_d4926af19fe5def63f,"{""lead_id"": ""card_810f58ae0f5557ea3f"", ""companion_id"": ""card_bcca2e96f2182b91e7"", ""tier"": ""wordlist_or_less""}"
target_d494f33accb8cbe88f,"{""lead_id"": ""card_52805eccb138adcb15"", ""companion_id"": ""card_8939575f42eed2053b"", ""tier"": ""long_grammar""}"
target_d4f4458f22c649406a,"{""lead_id"": ""card_7481005ba655e2b112"", ""companion_id"": ""card_84bd61733ca0b4d50f"", ""tier"": ""grammar_sketch""}"
target_d572436d445c2fb639,"{""lead_id"": ""card_384b1f9f78ebe5870d"", ""companion_id"": ""card_319d1b32f563322deb"", ""tier"": ""long_grammar""}"
target_d578aea2921ee60994,"{""lead_id"": ""card_6a0f5fee82dea1b4d5"", ""companion_id"": ""card_0eda2334c2659832c9"", ""tier"": ""grammar_sketch""}"
target_d5b3ac86f5a9b41abf,"{""lead_id"": ""card_8ef907e92ce487664a"", ""companion_id"": ""card_bd9be5924da70e5822"", ""tier"": ""long_grammar""}"
target_d5ff35dcc93fb86807,"{""lead_id"": ""card_a83f66be37fda49920"", ""companion_id"": ""card_ba255a2dddff11bf91"", ""tier"": ""long_grammar""}"
target_d64912340f17f6634c,"{""lead_id"": ""card_60212e5c20e4aa1cc8"", ""companion_id"": ""card_d947bce231465e1867"", ""tier"": ""long_grammar""}"
target_d69ba135879c88800c,"{""lead_id"": ""card_b1be07f61d6389e0d8"", ""companion_id"": ""card_f01c6921426e64b904"", ""tier"": ""long_grammar""}"
target_d6c24de19c1da7c55a,"{""lead_id"": ""card_5f6f33bcc5f5b0129a"", ""companion_id"": ""card_ab1d1dd54bc77d7202"", ""tier"": ""long_grammar""}"
target_d6d0d686abd27cf845,"{""lead_id"": ""card_a9d47ea9c74d3d5aae"", ""companion_id"": ""card_7bbe39e0722ce08ff2"", ""tier"": ""grammar_sketch""}"
target_d6fef084ac3d312414,"{""lead_id"": ""card_b2912b5acc492493b3"", ""companion_id"": ""card_34b3a4abf9fa2515e7"", ""tier"": ""phonology_or_text""}"
target_d71bd5ed3ceb95db96,"{""lead_id"": ""card_da485d87db52a2eb70"", ""companion_id"": ""card_8855fe9220443fe4bf"", ""tier"": ""long_grammar""}"
target_d7f3a1d298db63d276,"{""lead_id"": ""card_fcab95b595baf9ea03"", ""companion_id"": ""card_4ffc30470df2e171ea"", ""tier"": ""long_grammar""}"
target_d81487721516345a50,"{""lead_id"": ""card_bd64183d053f11b89e"", ""companion_id"": ""card_a64447c2cc72ec28bb"", ""tier"": ""wordlist_or_less""}"
target_d81975ca7e14f591a0,"{""lead_id"": ""card_27d6b219285a8ccd65"", ""companion_id"": ""card_0d5b09137ad12d2522"", ""tier"": ""grammar_sketch""}"
target_d8344555d9163e5544,"{""lead_id"": ""card_5e427a087ed6ef2132"", ""companion_id"": ""card_f101f4263283064bfa"", ""tier"": ""long_grammar""}"
target_d8630f7e1a3c0adeee,"{""lead_id"": ""card_5d1db8983e6b1d966f"", ""companion_id"": ""card_ce7725cce2c2a62adb"", ""tier"": ""grammar_sketch""}"
target_d8e829f446b0b6ee20,"{""lead_id"": ""card_373b3b00801725eb37"", ""companion_id"": ""card_cb50b36bc6ac9b780c"", ""tier"": ""grammar_sketch""}"
target_d924b013a57e30fec7,"{""lead_id"": ""card_80bcdff6e68fa42ece"", ""companion_id"": ""card_8f0b580e6cdfb2825e"", ""tier"": ""long_grammar""}"
target_d986dd9c5e69ce653a,"{""lead_id"": ""card_4a74230561fb9d2b29"", ""companion_id"": ""card_acbed8a7d0e7b70f42"", ""tier"": ""grammar_sketch""}"
target_da5715984056dd5eb2,"{""lead_id"": ""card_ba5e5a26b6d1738801"", ""companion_id"": ""card_0e40c9ee52e0f85bfc"", ""tier"": ""grammar_sketch""}"
target_da5fdf1caf080927d0,"{""lead_id"": ""card_c28060fe4bb577bdb0"", ""companion_id"": ""card_cb112e9efcf400c16e"", ""tier"": ""long_grammar""}"
target_dab00fca4bf9e21414,"{""lead_id"": ""card_d5b67c5671fba94e8d"", ""companion_id"": ""card_4598c5001523ed2619"", ""tier"": ""grammar_sketch""}"
target_dad0d2af69714a0e06,"{""lead_id"": ""card_86c68289cba6f36645"", ""companion_id"": ""card_ef81c888c534237bd9"", ""tier"": ""grammar_sketch""}"
target_dad6154caae5f016ea,"{""lead_id"": ""card_47ef6f941ef5d6fbb3"", ""companion_id"": ""card_22bd315ea23528205b"", ""tier"": ""long_grammar""}"
target_dafa10d550a8ff9d9a,"{""lead_id"": ""card_9f3bf77ebee6d91509"", ""companion_id"": ""card_9277dec5f9cc14bfdd"", ""tier"": ""long_grammar""}"
target_db5e9122caab7ba7c3,"{""lead_id"": ""card_91781a0391354832d3"", ""companion_id"": ""card_29c7f7bb9e4502c6a2"", ""tier"": ""long_grammar""}"
target_db732237595ddcdfe9,"{""lead_id"": ""card_5a23cbc28786ce0287"", ""companion_id"": ""card_b0ece2aa0cfeb48208"", ""tier"": ""grammar_sketch""}"
target_db746ab2db15171283,"{""lead_id"": ""card_d84f731d93053b4f67"", ""companion_id"": ""card_c32e209f83792218a0"", ""tier"": ""wordlist_or_less""}"
target_dbe719d8071584c36b,"{""lead_id"": ""card_c480ed91e197c76ebb"", ""companion_id"": ""card_1a1f1140b89cdf644c"", ""tier"": ""grammar_sketch""}"
target_dbedb8323d198439e4,"{""lead_id"": ""card_d43c4489557f49afd4"", ""companion_id"": ""card_282a0df84adaa6a37b"", ""tier"": ""grammar_sketch""}"
target_dbf29f5b667c64d673,"{""lead_id"": ""card_38c86b439625ba8d14"", ""companion_id"": ""card_4dc25f2854653904be"", ""tier"": ""grammar_sketch""}"
target_dc2d4569cbf7484524,"{""lead_id"": ""card_efb6fb68f5cd1666b1"", ""companion_id"": ""card_b67fea92f2227ad0d0"", ""tier"": ""long_grammar""}"
target_dc60e47817ed8906a8,"{""lead_id"": ""card_226b87fed6f6f190c1"", ""companion_id"": ""card_97fa157044124426b6"", ""tier"": ""grammar_sketch""}"
target_dd36aab55f495e805c,"{""lead_id"": ""card_4e273130bc50062791"", ""companion_id"": ""card_b626e6f60be2a24fb2"", ""tier"": ""long_grammar""}"
target_dd6b67962c1071c60f,"{""lead_id"": ""card_5460c92f25484297f0"", ""companion_id"": ""card_c9dc24f9b8632f1e29"", ""tier"": ""grammar_sketch""}"
target_dd700c3f3c28ce38eb,"{""lead_id"": ""card_4aa81cdc043ba863ce"", ""companion_id"": ""card_78fd39cf00f99db1c8"", ""tier"": ""wordlist_or_less""}"
target_dd71339ef69da5834a,"{""lead_id"": ""card_e38d4b4f59f635a77f"", ""companion_id"": ""card_3982f31a860ede8456"", ""tier"": ""grammar_sketch""}"
target_dd9ee1ea74e362d6ed,"{""lead_id"": ""card_75e9823072102dfd14"", ""companion_id"": ""card_7cd1ab3e88dbc2e3f9"", ""tier"": ""long_grammar""}"
target_de01f6d0708ec489d9,"{""lead_id"": ""card_3a154a987368a9782d"", ""companion_id"": ""card_b9554ed67a1275677a"", ""tier"": ""long_grammar""}"
target_de3981268b240e50e1,"{""lead_id"": ""card_b0dc7beee5a91b1ee1"", ""companion_id"": ""card_95048c5de43ed773ef"", ""tier"": ""grammar_sketch""}"
target_df208e30816bee9134,"{""lead_id"": ""card_a0e13b812d3002d1ee"", ""companion_id"": ""card_51166fc95ae59e2423"", ""tier"": ""long_grammar""}"
target_df6139033d14eb89f0,"{""lead_id"": ""card_fc3884271b22c5cc47"", ""companion_id"": ""card_2a89994175730091ff"", ""tier"": ""phonology_or_text""}"
target_df6d543e64083e5d38,"{""lead_id"": ""card_5da5e1f740b52ea102"", ""companion_id"": ""card_4fb7fe7be8bc18fb54"", ""tier"": ""long_grammar""}"
target_dfa11bf95ebacef273,"{""lead_id"": ""card_ee93e365e47193983a"", ""companion_id"": ""card_623c66ba9e522cd323"", ""tier"": ""phonology_or_text""}"
target_dfb9c12e56ecbcaed1,"{""lead_id"": ""card_e09c31a362e66e98f1"", ""companion_id"": ""card_5e48060b48cf9952f0"", ""tier"": ""phonology_or_text""}"
target_dfcc9982cf45589a98,"{""lead_id"": ""card_c21e7518e71615e679"", ""companion_id"": ""card_4a6017946e94673bf6"", ""tier"": ""long_grammar""}"
target_e01438bae6482a7e58,"{""lead_id"": ""card_8c670504f99ed76f5c"", ""companion_id"": ""card_a8020c9d1ebe397c07"", ""tier"": ""long_grammar""}"
target_e1028fc1757266004a,"{""lead_id"": ""card_cc618154c038033a54"", ""companion_id"": ""card_97cde19cb947449577"", ""tier"": ""grammar_sketch""}"
target_e118238f13fc6870e9,"{""lead_id"": ""card_aa7f9175cd82dd2bdd"", ""companion_id"": ""card_3c5461686e3f70f66c"", ""tier"": ""phonology_or_text""}"
target_e1395214e42bd62ce9,"{""lead_id"": ""card_a1f49f29212ba145ca"", ""companion_id"": ""card_3ae1623d18a6678773"", ""tier"": ""wordlist_or_less""}"
target_e158e434dd10a7f581,"{""lead_id"": ""card_36bf70ca20ac969e20"", ""companion_id"": ""card_77fa186014479ee7f4"", ""tier"": ""phonology_or_text""}"
target_e17c8a047010045bc8,"{""lead_id"": ""card_e513ff23d762195f21"", ""companion_id"": ""card_baa0917033eefcef55"", ""tier"": ""phonology_or_text""}"
target_e287ab8e881ef796f9,"{""lead_id"": ""card_5d625ecb41c54efe45"", ""companion_id"": ""card_470a6ea6ff407b460c"", ""tier"": ""grammar_sketch""}"
target_e2ab18a5f5d19f1ccf,"{""lead_id"": ""card_fbb87f897877dbb0fe"", ""companion_id"": ""card_fd33218e96683038b2"", ""tier"": ""phonology_or_text""}"
target_e2b4e034a9877b195c,"{""lead_id"": ""card_35ce4df91dbb4ca990"", ""companion_id"": ""card_2b4dbe8a83cb4c57fd"", ""tier"": ""phonology_or_text""}"
target_e2e339de699f3576c9,"{""lead_id"": ""card_be8bf4a71a9574fa28"", ""companion_id"": ""card_1bc1a040e9ef7e83b7"", ""tier"": ""grammar_sketch""}"
target_e325e266d69f7a4d54,"{""lead_id"": ""card_6a8052a52dca266f90"", ""companion_id"": ""card_1702819ecc03dc7fea"", ""tier"": ""long_grammar""}"
target_e33e374e845343638f,"{""lead_id"": ""card_a7fbc905c67b53b972"", ""companion_id"": ""card_64243bb8ca8c40322c"", ""tier"": ""phonology_or_text""}"
target_e35130179a52c29997,"{""lead_id"": ""card_a6a02f0bc9499c30f3"", ""companion_id"": ""card_8fc7619b1f7de37814"", ""tier"": ""grammar_sketch""}"
target_e37668ff335df241b4,"{""lead_id"": ""card_fd887adfda4c4e339d"", ""companion_id"": ""card_38fa6505a093c94690"", ""tier"": ""long_grammar""}"
target_e37775f624859a43a1,"{""lead_id"": ""card_9ab0f1173eda373efb"", ""companion_id"": ""card_3dee2d0e8c42be58c6"", ""tier"": ""grammar_sketch""}"
target_e3be3a1ace32eec6a4,"{""lead_id"": ""card_c701f2528d65742a0f"", ""companion_id"": ""card_5d7bd6cbf897c1de5f"", ""tier"": ""long_grammar""}"
target_e449fbe3103b86ad6f,"{""lead_id"": ""card_a38e3eb6346a3950db"", ""companion_id"": ""card_5683eafe12d9256e45"", ""tier"": ""grammar_sketch""}"
target_e4920bef0a4ac93afd,"{""lead_id"": ""card_ea98732e2a3947e5fb"", ""companion_id"": ""card_b8217d1132c42bd922"", ""tier"": ""grammar_sketch""}"
target_e4ae7447259396025a,"{""lead_id"": ""card_4ab2972fbe6c5d9042"", ""companion_id"": ""card_2938cf6998728b7354"", ""tier"": ""grammar_sketch""}"
target_e5d9cb120e586d88bc,"{""lead_id"": ""card_57bed97924df1368bb"", ""companion_id"": ""card_2a5f2d125c8611909d"", ""tier"": ""phonology_or_text""}"
target_e5ecccc367ebabae8e,"{""lead_id"": ""card_048d2cf90cd17b0be2"", ""companion_id"": ""card_1a3abe4fcfbfb0eabc"", ""tier"": ""wordlist_or_less""}"
target_e625d2d0a1537b6c56,"{""lead_id"": ""card_f154b7a7a5dffaaf76"", ""companion_id"": ""card_61bb144380816ddae0"", ""tier"": ""phonology_or_text""}"
target_e626f3b66d8892988d,"{""lead_id"": ""card_bfe67a57b4e4e6ad29"", ""companion_id"": ""card_9579f19522e8a2ec38"", ""tier"": ""grammar_sketch""}"
target_e66dbc6f88a1a34598,"{""lead_id"": ""card_49ff661d519dbe7d81"", ""companion_id"": ""card_b65b0f87857ba9a002"", ""tier"": ""grammar_sketch""}"
target_e70515a5061a6d28db,"{""lead_id"": ""card_67f0798be30c1de8c2"", ""companion_id"": ""card_d359f7304115e943f2"", ""tier"": ""phonology_or_text""}"
target_e718bdb927184aa28a,"{""lead_id"": ""card_d672050fa1642a8c57"", ""companion_id"": ""card_1896e4308d39c6e41c"", ""tier"": ""long_grammar""}"
target_e78d6cecadcdb6315b,"{""lead_id"": ""card_a5aa2be41377cb4551"", ""companion_id"": ""card_5909d2beafb0b8e3bc"", ""tier"": ""phonology_or_text""}"
target_e7bb1a84fa1da5141f,"{""lead_id"": ""card_bf378971fe1a77c79a"", ""companion_id"": ""card_ea845595af97333051"", ""tier"": ""long_grammar""}"
target_e7c392957c40902363,"{""lead_id"": ""card_13e823804458692b5b"", ""companion_id"": ""card_9caef79d41ae97f8e6"", ""tier"": ""wordlist_or_less""}"
target_e8046f0af88825b127,"{""lead_id"": ""card_c7c966510dc89ec5eb"", ""companion_id"": ""card_cd0f458ea33b432cc8"", ""tier"": ""grammar_sketch""}"
target_e8761368f29e078bef,"{""lead_id"": ""card_b4d07ee46ee9fce776"", ""companion_id"": ""card_75693d893cd2e9d975"", ""tier"": ""grammar_sketch""}"
target_e8edee4a96db7da2f0,"{""lead_id"": ""card_09dfc42837ff3e7ec7"", ""companion_id"": ""card_12b159b403fe936284"", ""tier"": ""wordlist_or_less""}"
target_e9187e91e7c39c7653,"{""lead_id"": ""card_ac6e560ed41eaf69be"", ""companion_id"": ""card_73e0142bdd63f479ab"", ""tier"": ""long_grammar""}"
target_e99e9c0b5e43ee9486,"{""lead_id"": ""card_49ee05b509bb5f18ed"", ""companion_id"": ""card_b0c7eaa80716ab265d"", ""tier"": ""long_grammar""}"
target_e9a2cea9cac781d755,"{""lead_id"": ""card_a6209767eeca74ad3a"", ""companion_id"": ""card_4c80411b433314f4ca"", ""tier"": ""long_grammar""}"
target_e9a80f8de06919bba9,"{""lead_id"": ""card_ef5697b890ce741c89"", ""companion_id"": ""card_8695d2907d3fdee0cc"", ""tier"": ""grammar_sketch""}"
target_e9ab86561d1c285a2b,"{""lead_id"": ""card_9fcd6b3ff9034bf8f9"", ""companion_id"": ""card_c57865c5dbd6390e35"", ""tier"": ""grammar_sketch""}"
target_e9d80ce3fa3c48e42e,"{""lead_id"": ""card_cd493e06e0202e955b"", ""companion_id"": ""card_829dfcf9156f712457"", ""tier"": ""long_grammar""}"
target_ea3fde040d55ada451,"{""lead_id"": ""card_50e93ea9b53c6cc28e"", ""companion_id"": ""card_79445de7ad50bc69ce"", ""tier"": ""long_grammar""}"
target_ea5f3dc4161b6ac923,"{""lead_id"": ""card_952876b01fdb1cbbe9"", ""companion_id"": ""card_02e6b1103f8654d019"", ""tier"": ""phonology_or_text""}"
target_ea73181c64b5d3fcd9,"{""lead_id"": ""card_73027036a3a9477f13"", ""companion_id"": ""card_b2fa7065cee6e8c5cd"", ""tier"": ""long_grammar""}"
target_ea8424cd11956455ca,"{""lead_id"": ""card_b4f8656014aa333142"", ""companion_id"": ""card_5755778d6be69d8abd"", ""tier"": ""grammar_sketch""}"
target_ea948c4ff7ba777bdc,"{""lead_id"": ""card_06fda64e9991bf5457"", ""companion_id"": ""card_23c06cc933a38c5e91"", ""tier"": ""grammar_sketch""}"
target_eab9a8c961369bb963,"{""lead_id"": ""card_2039381fe4fba522d3"", ""companion_id"": ""card_f465f21148ff8ce78c"", ""tier"": ""grammar_sketch""}"
target_eb1911cd1fa51ebe4c,"{""lead_id"": ""card_4df52d7a8f34a6df6c"", ""companion_id"": ""card_aa16aeb666e8aee0af"", ""tier"": ""phonology_or_text""}"
target_eb1ce418bbeb68ae5d,"{""lead_id"": ""card_4d36faba37050fcf34"", ""companion_id"": ""card_80ba9bb845a56e584a"", ""tier"": ""grammar_sketch""}"
target_eb245ab50260f2e1cf,"{""lead_id"": ""card_c903de3e04054a9b5c"", ""companion_id"": ""card_851c97befd18322e2d"", ""tier"": ""grammar_sketch""}"
target_eb9cc99bb7ff2b9976,"{""lead_id"": ""card_9f2389dafba2e4f02d"", ""companion_id"": ""card_fc4b6391494b9769a7"", ""tier"": ""wordlist_or_less""}"
target_eba9e278aed9abe42f,"{""lead_id"": ""card_deb88ae6addfafb580"", ""companion_id"": ""card_be2b9d74a197b2b23f"", ""tier"": ""phonology_or_text""}"
target_ebc5ff775c1e2e8399,"{""lead_id"": ""card_f169c4ad0201aa1755"", ""companion_id"": ""card_a99f36aa6c2277fee6"", ""tier"": ""long_grammar""}"
target_ec12ba84d3a77d11b4,"{""lead_id"": ""card_12509d58a1d4560701"", ""companion_id"": ""card_6b96e9622bfa61d0af"", ""tier"": ""grammar_sketch""}"
target_ec684da76af67a526f,"{""lead_id"": ""card_576e1b137bf1d63a0e"", ""companion_id"": ""card_8ada8bea897750a401"", ""tier"": ""wordlist_or_less""}"
target_ec6ee7097b681ab9a1,"{""lead_id"": ""card_5605281857414b75e6"", ""companion_id"": ""card_b2dccb63d3fa238717"", ""tier"": ""grammar_sketch""}"
target_ec70ea76870883047e,"{""lead_id"": ""card_dbfbefda1f0e008a43"", ""companion_id"": ""card_44f9a98124be40e67e"", ""tier"": ""grammar_sketch""}"
target_ec72e9bd31af0d995c,"{""lead_id"": ""card_1e52a7a6560d4ec5ad"", ""companion_id"": ""card_d183acff4f7bd13981"", ""tier"": ""grammar_sketch""}"
target_ec854c47d4d2e52d97,"{""lead_id"": ""card_8e0bf3212ea660fc05"", ""companion_id"": ""card_277071b17aafa4fd81"", ""tier"": ""phonology_or_text""}"
target_ecb95d30418ffeb3a3,"{""lead_id"": ""card_3549261765ae6f439d"", ""companion_id"": ""card_93ee9de9ac95dbbb4d"", ""tier"": ""long_grammar""}"
target_edbbdda2a644b9748d,"{""lead_id"": ""card_411841ee5718c75348"", ""companion_id"": ""card_88ad1bd466ae68db6a"", ""tier"": ""grammar_sketch""}"
target_ede971ccbfdde7c08f,"{""lead_id"": ""card_202a9f09103a1c0be8"", ""companion_id"": ""card_b9e0c63541fdb10ad0"", ""tier"": ""grammar_sketch""}"
target_edec6a5ea032dc90e4,"{""lead_id"": ""card_ded62cca4ca94a9d0b"", ""companion_id"": ""card_ed8ae5cef366447633"", ""tier"": ""grammar_sketch""}"
target_edfa10e0c2b5e216d2,"{""lead_id"": ""card_272f4979aa7c971f9a"", ""companion_id"": ""card_67117fa2a335b0e2af"", ""tier"": ""long_grammar""}"
target_ee6af2763476ef13b0,"{""lead_id"": ""card_89090ba8baf5fe3287"", ""companion_id"": ""card_32104bb7c8e26b7dd3"", ""tier"": ""phonology_or_text""}"
target_ee6cb83ab39f50800a,"{""lead_id"": ""card_3c2ab1deabc75479b5"", ""companion_id"": ""card_a2a55fd4ff5b240677"", ""tier"": ""grammar_sketch""}"
target_ef2fb28248764f7b8e,"{""lead_id"": ""card_6a4269ac58059531f4"", ""companion_id"": ""card_53b76924642263a67b"", ""tier"": ""long_grammar""}"
target_ef8f1f556a36054050,"{""lead_id"": ""card_b38e68573093ae739f"", ""companion_id"": ""card_03f037ee8f6b102eb5"", ""tier"": ""phonology_or_text""}"
target_efc0624463364c73ae,"{""lead_id"": ""card_6e6603e909fa817196"", ""companion_id"": ""card_2b9a9de96e405ffba0"", ""tier"": ""phonology_or_text""}"
target_eff08ad67647408457,"{""lead_id"": ""card_134e85d6899bd56abb"", ""companion_id"": ""card_961c9b654e07432b33"", ""tier"": ""long_grammar""}"
target_f03a2cd4e2b5dc4163,"{""lead_id"": ""card_6ad5f74307516049f5"", ""companion_id"": ""card_5c6fd9e569afd77a0c"", ""tier"": ""grammar_sketch""}"
target_f040abc117085ece4f,"{""lead_id"": ""card_bce8a204cde1d2d464"", ""companion_id"": ""card_84a7992ffd4146510f"", ""tier"": ""long_grammar""}"
target_f0427df9bc08806ef7,"{""lead_id"": ""card_086e7dbdea39cbf621"", ""companion_id"": ""card_0267e6b27cf375f7bf"", ""tier"": ""wordlist_or_less""}"
target_f0462580e8b0159a7d,"{""lead_id"": ""card_787465a242f4ed2bda"", ""companion_id"": ""card_0bcdec4fb0cf97dc4b"", ""tier"": ""long_grammar""}"
target_f0610ecb9009986634,"{""lead_id"": ""card_43a088c90d9b9cc0b2"", ""companion_id"": ""card_3ea911255400951aa3"", ""tier"": ""phonology_or_text""}"
target_f0abe6d44a4820838d,"{""lead_id"": ""card_163dce6b3c25f920dc"", ""companion_id"": ""card_c6b959cf8419852eb7"", ""tier"": ""long_grammar""}"
target_f0b824b7896e4eec89,"{""lead_id"": ""card_31fe77b1fb9614d46f"", ""companion_id"": ""card_8be0187e85ce638202"", ""tier"": ""grammar_sketch""}"
target_f0c541abf56eb4ab97,"{""lead_id"": ""card_b41485bb71dc58f1ee"", ""companion_id"": ""card_7762b4337515240d8e"", ""tier"": ""grammar_sketch""}"
target_f0d95946614125dede,"{""lead_id"": ""card_1e1b8ea29ac3cc0b48"", ""companion_id"": ""card_a6469e30aa40a967f8"", ""tier"": ""wordlist_or_less""}"
target_f0edfb3f68d7304c60,"{""lead_id"": ""card_638fe7318edb44c449"", ""companion_id"": ""card_e12791ef0af683bccd"", ""tier"": ""grammar_sketch""}"
target_f12da62f63416be7f7,"{""lead_id"": ""card_3c9babc7f43f8677bf"", ""companion_id"": ""card_5fbf91accb498939fa"", ""tier"": ""phonology_or_text""}"
target_f1486a1a4c3d7aee70,"{""lead_id"": ""card_d0b190fb48049b144b"", ""companion_id"": ""card_7412ef651d3ab61de9"", ""tier"": ""phonology_or_text""}"
target_f16e3065ff26b45dc8,"{""lead_id"": ""card_2feda9e1eb073b2023"", ""companion_id"": ""card_f7bf093ac4ab09f46d"", ""tier"": ""grammar_sketch""}"
target_f194c7d7fd858d7abd,"{""lead_id"": ""card_5e0e58de894be8e033"", ""companion_id"": ""card_615c0b927e2c2f7ce7"", ""tier"": ""wordlist_or_less""}"
target_f1f4655b4c5f2290ba,"{""lead_id"": ""card_b9c31449faad36a22b"", ""companion_id"": ""card_3c727ba5d49a8d20de"", ""tier"": ""long_grammar""}"
target_f26a32f3da20ced45e,"{""lead_id"": ""card_07fe24864f69f43d9f"", ""companion_id"": ""card_6f18e09b7dcec85283"", ""tier"": ""long_grammar""}"
target_f2ad902b382120165e,"{""lead_id"": ""card_7ef65fff6d9f29b4ad"", ""companion_id"": ""card_10fd7a9689732d3007"", ""tier"": ""long_grammar""}"
target_f2edef1eab247b5886,"{""lead_id"": ""card_0b470a8eca3a16d44c"", ""companion_id"": ""card_92cd7b96737c29c1d7"", ""tier"": ""phonology_or_text""}"
target_f30052080920a90eed,"{""lead_id"": ""card_084ff844ca019bca1f"", ""companion_id"": ""card_458af26830eb6f80d5"", ""tier"": ""grammar_sketch""}"
target_f337857e1176298c6a,"{""lead_id"": ""card_70e3734e70c9504dd1"", ""companion_id"": ""card_7bc046a0ad4911bc49"", ""tier"": ""grammar_sketch""}"
target_f3418f140460c1a602,"{""lead_id"": ""card_4313bb833a97acae72"", ""companion_id"": ""card_906c401a154d636218"", ""tier"": ""phonology_or_text""}"
target_f34d375b1701b2a888,"{""lead_id"": ""card_b98c2261317f402fae"", ""companion_id"": ""card_f8f4441775a76e0b41"", ""tier"": ""grammar_sketch""}"
target_f35c96cd7ab9401438,"{""lead_id"": ""card_904669137e764cabaa"", ""companion_id"": ""card_7350ebaa1bee0b92a9"", ""tier"": ""grammar_sketch""}"
target_f3d459ce02cebb3a44,"{""lead_id"": ""card_4fd8e65ea894b9e574"", ""companion_id"": ""card_987511af2d930be306"", ""tier"": ""phonology_or_text""}"
target_f4025bf213c24a997d,"{""lead_id"": ""card_3c434b998dfa7e6d8d"", ""companion_id"": ""card_fa4ef3e48305e0fd00"", ""tier"": ""grammar_sketch""}"
target_f40f4ae39bd260d4bb,"{""lead_id"": ""card_c28686b0c833076c93"", ""companion_id"": ""card_4551c8597570ba0638"", ""tier"": ""grammar_sketch""}"
target_f419b5879a3ae16115,"{""lead_id"": ""card_ce141053057bec38ee"", ""companion_id"": ""card_fd81e12ad23d13232c"", ""tier"": ""wordlist_or_less""}"
target_f43afdb3045f76a4f1,"{""lead_id"": ""card_bd757018e2cb179f19"", ""companion_id"": ""card_05e487472252a9812f"", ""tier"": ""grammar_sketch""}"
target_f446efc663dab1ba31,"{""lead_id"": ""card_59a6cef650c633a683"", ""companion_id"": ""card_d5422ab85825fae6ad"", ""tier"": ""wordlist_or_less""}"
target_f4a6dc23e6d313ab86,"{""lead_id"": ""card_87151154eef3d1c044"", ""companion_id"": ""card_e19ced66be6e4ac32d"", ""tier"": ""phonology_or_text""}"
target_f5bdad21e62f676879,"{""lead_id"": ""card_ac337bf5ca591dd823"", ""companion_id"": ""card_d14fef509499ab1924"", ""tier"": ""long_grammar""}"
target_f5e53df4eda7c1f01e,"{""lead_id"": ""card_b47629be382fee88b4"", ""companion_id"": ""card_27b3f0e8cfc27a7538"", ""tier"": ""wordlist_or_less""}"
target_f6264c8816bdd2b89a,"{""lead_id"": ""card_a47a374b9f5d3f9999"", ""companion_id"": ""card_e55bf19581d09a62e8"", ""tier"": ""long_grammar""}"
target_f62aecd838b0bc8e89,"{""lead_id"": ""card_34179a864877be1bb4"", ""companion_id"": ""card_ffc28c3f1bd4ddd03e"", ""tier"": ""phonology_or_text""}"
target_f664ba52e70b7ddf80,"{""lead_id"": ""card_9498c80305d857f34d"", ""companion_id"": ""card_5a595aad9965df5670"", ""tier"": ""phonology_or_text""}"
target_f66f5f654578d793ee,"{""lead_id"": ""card_4feb5961bf17852ea1"", ""companion_id"": ""card_729da0c11527e74912"", ""tier"": ""grammar_sketch""}"
target_f7130624ffac4ecf36,"{""lead_id"": ""card_7a1692545e7677ca5a"", ""companion_id"": ""card_8e4bb4666ea218f666"", ""tier"": ""phonology_or_text""}"
target_f79b2cfdc638c50070,"{""lead_id"": ""card_7872111b23171757ba"", ""companion_id"": ""card_ac381caecca6ee65df"", ""tier"": ""grammar_sketch""}"
target_f7d04563d54122725a,"{""lead_id"": ""card_fa15bcb86a29f1350f"", ""companion_id"": ""card_9ffb556fd9bb9a03d2"", ""tier"": ""phonology_or_text""}"
target_f7fac90b371b365290,"{""lead_id"": ""card_5f8bc75681204ef46b"", ""companion_id"": ""card_fed85ac66227218e84"", ""tier"": ""phonology_or_text""}"
target_f80f444fa41f983820,"{""lead_id"": ""card_933604a77d11821827"", ""companion_id"": ""card_ccae52a29267e9cea6"", ""tier"": ""grammar_sketch""}"
target_f81926a94c08d9a22d,"{""lead_id"": ""card_169c27c0dc42af0f48"", ""companion_id"": ""card_8a69d885dd8876a6e2"", ""tier"": ""long_grammar""}"
target_f87a340c715a70cd1f,"{""lead_id"": ""card_c8cf1fd7526209c971"", ""companion_id"": ""card_89568482993397893f"", ""tier"": ""grammar_sketch""}"
target_f8ecadc0565a66391b,"{""lead_id"": ""card_88c377bbbcfa1d8bdb"", ""companion_id"": ""card_568f398eb73983b435"", ""tier"": ""grammar_sketch""}"
target_f9020eceaec01cf158,"{""lead_id"": ""card_5ca3626ddd8dccfdf5"", ""companion_id"": ""card_56e8c919275ed46812"", ""tier"": ""grammar_sketch""}"
target_f903bc6e1c78278183,"{""lead_id"": ""card_19c7b2f16ec6695236"", ""companion_id"": ""card_7079c574ccb0dd2549"", ""tier"": ""grammar_sketch""}"
target_f909d29d8201fdc923,"{""lead_id"": ""card_1ca44bd00142476c32"", ""companion_id"": ""card_9db4ce189d70fc259e"", ""tier"": ""grammar_sketch""}"
target_f91e873ad5986ccbbf,"{""lead_id"": ""card_80fea8268c6ecc2e3f"", ""companion_id"": ""card_0725db2189281d82ca"", ""tier"": ""grammar_sketch""}"
target_f94ff210b482f8f54d,"{""lead_id"": ""card_8865984c21c50bf82d"", ""companion_id"": ""card_11769b046324442117"", ""tier"": ""grammar_sketch""}"
target_f954f78844e00b6439,"{""lead_id"": ""card_62175859e7964b85c1"", ""companion_id"": ""card_c0d3520e22c8709d59"", ""tier"": ""phonology_or_text""}"
target_f9726673706affe1d6,"{""lead_id"": ""card_be7196c1c9fb06795e"", ""companion_id"": ""card_5f691d431feceb57cf"", ""tier"": ""phonology_or_text""}"
target_f9752cf09007bc0725,"{""lead_id"": ""card_d8b2e8605b19b5783d"", ""companion_id"": ""card_0e9281bc4db060c14b"", ""tier"": ""wordlist_or_less""}"
target_f9c807f03fd1087763,"{""lead_id"": ""card_e1091c076079fdb5a1"", ""companion_id"": ""card_e71623dbf043a0a8d9"", ""tier"": ""long_grammar""}"
target_f9d922d226c8b458cc,"{""lead_id"": ""card_b22f880d16252ec558"", ""companion_id"": ""card_c2bc532459bc9ff218"", ""tier"": ""wordlist_or_less""}"
target_f9da64c6eec9982012,"{""lead_id"": ""card_390170906d9d2c59e0"", ""companion_id"": ""card_caa0a4d1f12c9554d0"", ""tier"": ""grammar_sketch""}"
target_f9fb0f0d4fa38b9827,"{""lead_id"": ""card_79262dc6a94d448396"", ""companion_id"": ""card_83c95ccae59a6c25ef"", ""tier"": ""phonology_or_text""}"
target_fa08bfc21d2c01e064,"{""lead_id"": ""card_4bf543dd9d8c0436cc"", ""companion_id"": ""card_15fc013ff83465d0fb"", ""tier"": ""long_grammar""}"
target_fa59a38ffe19258096,"{""lead_id"": ""card_449310ff91b5cdeb01"", ""companion_id"": ""card_2dcbf373312ce83c57"", ""tier"": ""grammar_sketch""}"
target_fb1e65368a050b7935,"{""lead_id"": ""card_ee973fd931aee80037"", ""companion_id"": ""card_7a210ac50698d5a307"", ""tier"": ""phonology_or_text""}"
target_fbb889c2194df47790,"{""lead_id"": ""card_79411b56abdd9c5340"", ""companion_id"": ""card_0f0b296aaad6985562"", ""tier"": ""wordlist_or_less""}"
target_fc0f4f5076b7526df5,"{""lead_id"": ""card_50735a73bc5c9f2167"", ""companion_id"": ""card_2f7f92bd45356367b9"", ""tier"": ""grammar_sketch""}"
target_fc37a484afbe057928,"{""lead_id"": ""card_13631c2fa68d4b37ca"", ""companion_id"": ""card_db0220c804ef2ef654"", ""tier"": ""phonology_or_text""}"
target_fc52821f03c5261499,"{""lead_id"": ""card_8ca430ada5c4d7fff3"", ""companion_id"": ""card_37fdc68f977e714413"", ""tier"": ""grammar_sketch""}"
target_fce7a722ee96229354,"{""lead_id"": ""card_a2baa755353b1ee8f3"", ""companion_id"": ""card_b0dbe516e8c4ccd663"", ""tier"": ""wordlist_or_less""}"
target_fd1f20646f560aec70,"{""lead_id"": ""card_0002981465fa018349"", ""companion_id"": ""card_194476fa4c68291cc8"", ""tier"": ""grammar_sketch""}"
target_fdde7171d5c9eeddac,"{""lead_id"": ""card_cd537010324be3eaa0"", ""companion_id"": ""card_db5303f4a3ba03f9a3"", ""tier"": ""phonology_or_text""}"
target_fdf516732e0060e5a8,"{""lead_id"": ""card_49d4e7449adac56c3f"", ""companion_id"": ""card_5e0dd5536f55040b6b"", ""tier"": ""phonology_or_text""}"
target_fe8a81500a45358f52,"{""lead_id"": ""card_84b938a474250faa8e"", ""companion_id"": ""card_d6bd711bacf2db0716"", ""tier"": ""long_grammar""}"
target_fedb5ab88e96036444,"{""lead_id"": ""card_f327e994db4b453c8b"", ""companion_id"": ""card_1e3667d706156ec73f"", ""tier"": ""phonology_or_text""}"
target_ff5f401701eff9c271,"{""lead_id"": ""card_3036cd087032ca37d2"", ""companion_id"": ""card_95b9522a2faf642253"", ""tier"": ""phonology_or_text""}"
target_ff77a84277887f3eb3,"{""lead_id"": ""card_4f7ee7496fae418464"", ""companion_id"": ""card_6e7446289d2acd807d"", ""tier"": ""wordlist_or_less""}"
target_ff8fd58371cd25d9a9,"{""lead_id"": ""card_be6437a191405fa76a"", ""companion_id"": ""card_20734d7033292e2269"", ""tier"": ""wordlist_or_less""}"
target_ffa04f5614c14c6b24,"{""lead_id"": ""card_d996cb0ac5c669290f"", ""companion_id"": ""card_d2b831fa24db44377f"", ""tier"": ""grammar_sketch""}"
target_fff36b07c95288709b,"{""lead_id"": ""card_4fc010a2d95d579b42"", ""companion_id"": ""card_2afc5e9884caf0bb2b"", ""tier"": ""grammar_sketch""}"
